testdir,nranks,epcnt,epsz,wrsz,blksz,access,bw(MiB/s),IOPS,Latency(s),block(KiB),xfer(KiB),open(s),wr/rd(s),close(s),total(s),iter
/mnt/lt20ad1/fio-jobdir,16,1,372,372M,1m,write,1972.31,1973.31,0.005087,380928,1024.00,0.008119,3.02,1.14,3.02,0,
/mnt/lt20ad1/fio-jobdir,16,3,372,1116M,1m,write,2603.73,2604.26,0.005246,1142784,1024.00,0.008358,6.86,1.13,6.86,0,
/mnt/lt20ad1/fio-jobdir,16,6,372,2232M,1m,write,2116.28,2116.46,0.005061,2285568,1024.00,0.007514,16.87,5.67,16.87,0,
/mnt/lt20ad1/fio-jobdir,16,9,372,3348M,1m,write,1149.41,1149.45,0.007531,3428352,1024.00,0.008039,46.60,30.05,46.60,0,
/mnt/lt20ad1/fio-jobdir,16,12,372,4464M,1m,write,1831.74,1831.81,0.005185,4571136,1024.00,0.007704,38.99,17.09,38.99,0,
/mnt/lt20ad1/fio-jobdir,64,1,372,372M,1m,write,3252.61,3253.10,0.010711,380928,1024.00,0.006941,7.32,4.53,7.32,0,
/mnt/lt20ad1/fio-jobdir,64,3,372,1116M,1m,write,2305.18,2305.27,0.013984,1142784,1024.00,0.013990,30.98,23.38,30.98,0,
/mnt/lt20ad1/fio-jobdir,64,6,372,2232M,1m,write,1754.94,1754.97,0.023239,2285568,1024.00,0.011269,81.40,66.53,81.40,0,
/mnt/lt20ad1/fio-jobdir,64,9,372,3348M,1m,write,1627.31,1627.33,0.026095,3428352,1024.00,0.007535,131.67,109.47,131.67,0,
/mnt/lt20ad1/fio-jobdir,64,12,372,4464M,1m,write,1845.36,1845.38,0.016141,4571136,1024.00,0.010835,154.82,101.12,154.82,0,
/mnt/lt20ad1/fio-jobdir,512,1,372,372M,1m,write,2202.48,2202.53,0.046643,380928,1024.00,0.010545,86.48,72.17,86.48,0,
/mnt/lt20ad1/fio-jobdir,512,3,372,1116M,1m,write,1972.75,1972.76,0.250499,1142784,1024.00,0.017602,289.64,165.63,289.64,0,
/mnt/lt20ad1/fio-jobdir,512,6,372,2232M,1m,write,1937.75,1937.75,0.231569,2285568,1024.00,0.015095,589.75,292.18,589.75,0,
/mnt/lt20ad1/fio-jobdir,512,9,372,3348M,1m,write,1564.10,1564.10,0.292558,3428352,1024.00,0.075753,1095.95,739.43,1095.95,0,
/mnt/lt20ad1/fio-jobdir,512,12,372,4464M,1m,write,2004.35,2004.35,0.245497,4571136,1024.00,0.017539,1140.30,600.27,1140.30,0,
/mnt/lt20ad1/fio-jobdir,16,1,372,372M,1m,write,370.70,370.73,0.004780,380928,1024.00,0.007587,16.05,14.27,16.06,0,
/mnt/lt20ad1/fio-jobdir,16,3,372,1116M,1m,write,2878.58,2879.27,0.005338,1142784,1024.00,0.008442,6.20,0.497659,6.20,0,
/mnt/lt20ad1/fio-jobdir,16,6,372,2232M,1m,write,2968.00,2968.36,0.005325,2285568,1024.00,0.008160,12.03,0.285897,12.03,0,
/mnt/lt20ad1/fio-jobdir,16,9,372,3348M,1m,write,1350.99,1351.04,0.005201,3428352,1024.00,0.007795,39.65,24.51,39.65,0,
/mnt/lt20ad1/fio-jobdir,16,12,372,4464M,1m,
/mnt/lt20ad1/fio-jobdir,64,1,372,372M,1m,
/mnt/lt20ad1/fio-jobdir,64,3,372,1116M,1m,write,2317.46,2317.55,0.006928,1142784,1024.00,0.007623,30.82,23.08,30.82,0,
/mnt/lt20ad1/fio-jobdir,64,6,372,2232M,1m,write,1670.69,1670.71,0.019521,2285568,1024.00,0.009899,85.50,63.53,85.50,0,
/mnt/lt20ad1/fio-jobdir,64,9,372,3348M,1m,
/mnt/lt20ad1/fio-jobdir,64,12,372,4464M,1m,
/mnt/lt20ad1/fio-jobdir,512,1,372,372M,1m,write,2210.05,2210.09,0.072569,380928,1024.00,0.011572,86.18,66.82,86.18,0,
/mnt/lt20ad1/fio-jobdir,512,3,372,1116M,1m,write,1957.67,1957.68,0.120451,1142784,1024.00,0.015759,291.87,171.13,291.87,0,
/mnt/lt20ad1/fio-jobdir,512,6,372,2232M,1m,write,2170.71,2170.71,0.163829,2285568,1024.00,0.020668,526.46,308.31,526.46,0,
/mnt/lt20ad1/fio-jobdir,512,9,372,3348M,1m,write,2000.78,2000.78,0.213772,3428352,1024.00,0.016037,856.75,433.29,856.75,0,
/mnt/lt20ad1/fio-jobdir,512,12,372,4464M,1m,WARNING:,Task,197,,partial,write(),,167936,of,1048576,bytes,at,offset,3397386240
/mnt/lt20ad1/fio-jobdir,16,1,372,372M,1m,write,1151.46,1151.78,0.004585,380928,1024.00,0.011410,5.17,3.46,5.17,0,
/mnt/lt20ad1/fio-jobdir,16,3,372,1116M,1m,write,2869.26,2869.96,0.005209,1142784,1024.00,0.007574,6.22,0.409121,6.22,0,
/mnt/lt20ad1/fio-jobdir,16,6,372,2232M,1m,write,2640.43,2640.73,0.005045,2285568,1024.00,0.008059,13.52,2.26,13.53,0,
/mnt/lt20ad1/fio-jobdir,16,9,372,3348M,1m,write,1386.12,1386.17,0.006432,3428352,1024.00,0.007528,38.64,17.50,38.65,0,
/mnt/lt20ad1/fio-jobdir,16,12,372,4464M,1m,
/mnt/lt20ad1/fio-jobdir,64,1,372,372M,1m,write,1321.59,1321.65,0.012359,380928,1024.00,0.007333,18.01,13.85,18.01,0,
/mnt/lt20ad1/fio-jobdir,64,3,372,1116M,1m,write,2101.76,2101.84,0.014322,1142784,1024.00,0.010887,33.98,25.22,33.98,0,
/mnt/lt20ad1/fio-jobdir,64,6,372,2232M,1m,write,2009.13,2009.16,0.010991,2285568,1024.00,0.011607,71.10,49.94,71.10,0,
/mnt/lt20ad1/fio-jobdir,64,9,372,3348M,1m,write,1675.24,1675.26,0.024494,3428352,1024.00,0.009195,127.90,96.01,127.91,0,
/mnt/lt20ad1/fio-jobdir,64,12,372,4464M,1m,write,1762.09,1762.10,0.017151,4571136,1024.00,0.010132,162.13,97.49,162.14,0,
/mnt/lt20ad1/fio-jobdir,512,1,372,372M,1m,write,1984.82,1984.84,0.146349,380928,1024.00,0.016403,95.96,80.39,95.96,0,
/mnt/lt20ad1/fio-jobdir,512,3,372,1116M,1m,write,2033.39,2033.40,0.164039,1142784,1024.00,0.017333,281.00,167.81,281.01,0,
/mnt/lt20ad1/fio-jobdir,512,6,372,2232M,1m,write,2150.22,2150.23,0.149838,2285568,1024.00,0.019252,531.47,264.48,531.47,0,
/mnt/lt20ad1/fio-jobdir,512,9,372,3348M,1m,write,2016.33,2016.33,0.253622,3428352,1024.00,0.017339,850.15,443.87,850.15,0,
/mnt/lt20ad1/fio-jobdir,512,12,372,4464M,1m,write,2084.66,2084.66,0.166907,4571136,1024.00,0.015966,1096.37,560.16,1096.37,0,
/mnt/lt20ad1/fio-jobdir,16,1,372,372M,1m,write,1598.86,1599.55,0.005040,380928,1024.00,0.007869,3.72,1.84,3.72,0,
/mnt/lt20ad1/fio-jobdir,16,3,372,1116M,1m,write,2035.65,2035.97,0.007858,1142784,1024.00,0.009114,8.77,2.37,8.77,0,
/mnt/lt20ad1/fio-jobdir,16,6,372,2232M,1m,write,2773.65,2773.95,0.005061,2285568,1024.00,0.011756,12.87,1.71,12.88,0,
/mnt/lt20ad1/fio-jobdir,16,9,372,3348M,1m,write,1337.80,1337.85,0.004720,3428352,1024.00,0.008463,40.04,24.36,40.04,0,
/mnt/lt20ad1/fio-jobdir,16,12,372,4464M,1m,write,1600.59,1600.69,0.004773,4571136,1024.00,0.008280,44.62,23.31,44.62,0,
/mnt/lt20ad1/fio-jobdir,64,1,372,372M,1m,write,3289.14,3289.67,0.015335,380928,1024.00,0.008486,7.24,3.29,7.24,0,
/mnt/lt20ad1/fio-jobdir,64,3,372,1116M,1m,write,2301.51,2301.61,0.014063,1142784,1024.00,0.010122,31.03,20.19,31.03,0,
/mnt/lt20ad1/fio-jobdir,64,6,372,2232M,1m,write,1636.92,1636.94,0.023112,2285568,1024.00,0.006691,87.27,66.11,87.27,0,
/mnt/lt20ad1/fio-jobdir,64,9,372,3348M,1m,write,1923.02,1923.04,0.033092,3428352,1024.00,0.007821,111.42,78.58,111.42,0,
/mnt/lt20ad1/fio-jobdir,64,12,372,4464M,1m,write,1760.58,1760.60,0.025798,4571136,1024.00,0.013402,162.27,101.22,162.27,0,
/mnt/lt20ad1/fio-jobdir,512,1,372,372M,1m,write,2223.96,2224.00,0.139968,380928,1024.00,0.011593,85.64,70.21,85.64,0,
/mnt/lt20ad1/fio-jobdir,512,3,372,1116M,1m,write,2081.36,2081.37,0.194834,1142784,1024.00,0.020994,274.53,168.51,274.53,0,
/mnt/lt20ad1/fio-jobdir,512,6,372,2232M,1m,
/mnt/lt20ad1/fio-jobdir,512,9,372,3348M,1m,write,1526.31,1526.32,0.167094,3428352,1024.00,0.023061,1123.07,751.45,1123.08,0,
/mnt/lt20ad1/fio-jobdir,512,12,372,4464M,1m,WARNING:,Task,445,,partial,write(),,610304,of,1048576,bytes,at,offset,3686793216
/mnt/lt20ad1/fio-jobdir,16,1,372,372M,1m,write,1102.03,1102.33,0.005142,380928,1024.00,0.008103,5.40,3.69,5.40,0,
/mnt/lt20ad1/fio-jobdir,16,3,372,1116M,1m,write,794.86,794.91,0.004816,1142784,1024.00,0.007932,22.46,17.09,22.46,0,
/mnt/lt20ad1/fio-jobdir,16,6,372,2232M,1m,write,1977.18,1977.34,0.005123,2285568,1024.00,0.016573,18.06,6.63,18.06,0,
/mnt/lt20ad1/fio-jobdir,16,9,372,3348M,1m,write,1670.43,1670.51,0.004817,3428352,1024.00,0.008473,32.07,16.36,32.07,0,
/mnt/lt20ad1/fio-jobdir,16,12,372,4464M,1m,write,1489.31,1489.36,0.007320,4571136,1024.00,0.007935,47.96,21.48,47.96,0,
/mnt/lt20ad1/fio-jobdir,64,1,372,372M,1m,write,2055.45,2055.68,0.019377,380928,1024.00,0.009141,11.58,8.06,11.58,0,
/mnt/lt20ad1/fio-jobdir,64,3,372,1116M,1m,
/mnt/lt20ad1/fio-jobdir,64,6,372,2232M,1m,write,1755.20,1755.23,0.017729,2285568,1024.00,0.017984,81.38,55.47,81.39,0,
/mnt/lt20ad1/fio-jobdir,64,9,372,3348M,1m,write,1894.30,1894.32,0.025487,3428352,1024.00,0.006924,113.11,72.35,113.11,0,
/mnt/lt20ad1/fio-jobdir,64,12,372,4464M,1m,write,1849.49,1849.50,0.016395,4571136,1024.00,0.012540,154.47,93.28,154.47,0,
/mnt/lt20ad1/fio-jobdir,512,1,372,372M,1m,
/mnt/lt20ad1/fio-jobdir,512,3,372,1116M,1m,write,2094.26,2094.27,0.147854,1142784,1024.00,0.019073,272.84,160.19,272.84,0,
/mnt/lt20ad1/fio-jobdir,512,6,372,2232M,1m,write,2200.58,2200.59,0.200590,2285568,1024.00,0.019891,519.31,258.82,519.31,0,
/mnt/lt20ad1/fio-jobdir,512,9,372,3348M,1m,write,1965.43,1965.45,0.230298,3428352,1024.00,0.026779,872.16,498.83,872.16,0,
/mnt/lt20ad1/fio-jobdir,512,12,372,4464M,1m,write,2002.13,2002.14,0.146728,4571136,1024.00,0.019299,1141.57,608.42,1141.57,0,
/mnt/lt20ad1/fio-jobdir,16,1,372,372M,1m,write,403.88,403.92,0.005901,380928,1024.00,0.012404,14.74,12.75,14.74,0,
/mnt/lt20ad1/fio-jobdir,16,3,372,1116M,1m,write,2970.31,2970.94,0.005177,1142784,1024.00,0.007582,6.01,0.349327,6.01,0,
/mnt/lt20ad1/fio-jobdir,16,6,372,2232M,1m,write,2985.23,2985.58,0.005219,2285568,1024.00,0.009969,11.96,0.310955,11.96,0,
/mnt/lt20ad1/fio-jobdir,16,9,372,3348M,1m,write,1199.25,1199.29,0.005068,3428352,1024.00,0.007966,44.67,28.50,44.67,0,
/mnt/lt20ad1/fio-jobdir,16,12,372,4464M,1m,
/mnt/lt20ad1/fio-jobdir,64,1,372,372M,1m,
/mnt/lt20ad1/fio-jobdir,64,3,372,1116M,1m,write,2093.79,2093.86,0.026183,1142784,1024.00,0.008140,34.11,25.24,34.11,0,
/mnt/lt20ad1/fio-jobdir,64,6,372,2232M,1m,write,2129.61,2129.65,0.027520,2285568,1024.00,0.012646,67.08,45.34,67.08,0,
/mnt/lt20ad1/fio-jobdir,64,9,372,3348M,1m,
/mnt/lt20ad1/fio-jobdir,64,12,372,4464M,1m,write,1746.04,1746.06,0.017189,4571136,1024.00,0.007629,163.62,101.53,163.62,0,
/mnt/lt20ad1/fio-jobdir,512,1,372,372M,1m,
/mnt/lt20ad1/fio-jobdir,512,3,372,1116M,1m,write,2047.14,2047.15,0.221451,1142784,1024.00,0.015148,279.12,171.15,279.12,0,
/mnt/lt20ad1/fio-jobdir,512,6,372,2232M,1m,
/mnt/lt20ad1/fio-jobdir,512,9,372,3348M,1m,write,1992.96,1992.97,0.240000,3428352,1024.00,0.020349,860.11,452.35,860.11,0,
/mnt/lt20ad1/fio-jobdir,512,12,372,4464M,1m,write,1761.58,1761.58,0.272119,4571136,1024.00,0.037019,1297.45,839.36,1297.45,0,
/mnt/lt20ad2/fio-jobdir,16,1,372,372M,1m,
/mnt/lt20ad2/fio-jobdir,16,3,372,1116M,1m,write,2797.56,2798.24,0.005486,1142784,1024.00,0.013031,6.38,0.462536,6.38,0,
/mnt/lt20ad2/fio-jobdir,16,6,372,2232M,1m,
/mnt/lt20ad2/fio-jobdir,16,9,372,3348M,1m,write,1339.61,1339.66,0.004920,3428352,1024.00,0.012049,39.99,23.99,39.99,0,
/mnt/lt20ad2/fio-jobdir,16,12,372,4464M,1m,write,789.13,789.14,0.007101,4571136,1024.00,0.007555,90.51,65.25,90.51,0,
/mnt/lt20ad2/fio-jobdir,64,1,372,372M,1m,write,3178.55,3178.99,0.016681,380928,1024.00,0.007216,7.49,5.38,7.49,0,
/mnt/lt20ad2/fio-jobdir,64,3,372,1116M,1m,write,1977.61,1977.68,0.014551,1142784,1024.00,0.009439,36.12,24.97,36.12,0,
/mnt/lt20ad2/fio-jobdir,64,6,372,2232M,1m,write,1967.92,1967.96,0.030272,2285568,1024.00,0.013716,72.59,56.56,72.59,0,
/mnt/lt20ad2/fio-jobdir,64,9,372,3348M,1m,write,1826.92,1826.94,0.023993,3428352,1024.00,0.010396,117.28,94.86,117.29,0,
/mnt/lt20ad2/fio-jobdir,64,12,372,4464M,1m,write,1757.70,1757.71,0.034066,4571136,1024.00,0.011248,162.54,114.68,162.54,0,
/mnt/lt20ad2/fio-jobdir,512,1,372,372M,1m,
/mnt/lt20ad2/fio-jobdir,512,3,372,1116M,1m,write,1836.30,1836.30,0.202707,1142784,1024.00,0.021267,311.16,194.87,311.17,0,
/mnt/lt20ad2/fio-jobdir,512,6,372,2232M,1m,write,1897.61,1897.61,0.255195,2285568,1024.00,0.027125,602.22,340.77,602.22,0,
/mnt/lt20ad2/fio-jobdir,512,9,372,3348M,1m,write,1299.25,1299.25,0.172493,3428352,1024.00,0.022740,1319.36,973.33,1319.36,0,
/mnt/lt20ad2/fio-jobdir,512,12,372,4464M,1m,WARNING:,Task,15,,partial,write(),,434176,of,1048576,bytes,at,offset,4055891968
/mnt/lt20ad2/fio-jobdir,16,1,372,372M,1m,write,244.52,244.53,0.008695,380928,1024.00,0.007096,24.34,23.31,24.34,0,
/mnt/lt20ad2/fio-jobdir,16,3,372,1116M,1m,write,1139.96,1140.03,0.004644,1142784,1024.00,0.006858,15.66,12.76,15.66,0,
/mnt/lt20ad2/fio-jobdir,16,6,372,2232M,1m,write,894.64,894.67,0.008438,2285568,1024.00,0.014520,39.92,32.99,39.92,0,
/mnt/lt20ad2/fio-jobdir,16,9,372,3348M,1m,write,1063.77,1063.80,0.004879,3428352,1024.00,0.010783,50.36,35.02,50.36,0,
/mnt/lt20ad2/fio-jobdir,16,12,372,4464M,1m,write,1617.64,1617.70,0.005133,4571136,1024.00,0.007918,44.15,21.42,44.15,0,
/mnt/lt20ad2/fio-jobdir,64,1,372,372M,1m,write,3245.13,3245.60,0.008099,380928,1024.00,0.007095,7.34,4.47,7.34,0,
/mnt/lt20ad2/fio-jobdir,64,3,372,1116M,1m,write,2288.08,2288.17,0.014610,1142784,1024.00,0.009331,31.21,24.46,31.22,0,
/mnt/lt20ad2/fio-jobdir,64,6,372,2232M,1m,
/mnt/lt20ad2/fio-jobdir,64,9,372,3348M,1m,write,1740.12,1740.13,0.024697,3428352,1024.00,0.014205,123.14,86.79,123.14,0,
/mnt/lt20ad2/fio-jobdir,64,12,372,4464M,1m,write,1597.99,1598.00,0.039904,4571136,1024.00,0.011578,178.78,113.94,178.78,0,
/mnt/lt20ad2/fio-jobdir,512,1,372,372M,1m,
/mnt/lt20ad2/fio-jobdir,512,3,372,1116M,1m,
/mnt/lt20ad2/fio-jobdir,512,6,372,2232M,1m,write,2145.24,2145.24,0.213994,2285568,1024.00,0.025411,532.71,339.00,532.71,0,
/mnt/lt20ad2/fio-jobdir,512,9,372,3348M,1m,
/mnt/lt20ad2/fio-jobdir,512,12,372,4464M,1m,
/mnt/lt20ad2/fio-jobdir,16,1,372,372M,1m,write,1063.31,1063.57,0.008056,380928,1024.00,0.008171,5.60,3.89,5.60,0,
/mnt/lt20ad2/fio-jobdir,16,3,372,1116M,1m,
/mnt/lt20ad2/fio-jobdir,16,6,372,2232M,1m,write,2235.81,2236.02,0.005356,2285568,1024.00,0.007651,15.97,4.23,15.97,0,
/mnt/lt20ad2/fio-jobdir,16,9,372,3348M,1m,write,1387.42,1387.47,0.004728,3428352,1024.00,0.007584,38.61,24.82,38.61,0,
/mnt/lt20ad2/fio-jobdir,16,12,372,4464M,1m,write,1522.93,1522.98,0.006531,4571136,1024.00,0.008052,46.90,23.72,46.90,0,
/mnt/lt20ad2/fio-jobdir,64,1,372,372M,1m,write,1958.17,1958.34,0.018741,380928,1024.00,0.006842,12.16,9.60,12.16,0,
/mnt/lt20ad2/fio-jobdir,64,3,372,1116M,1m,write,2613.63,2613.73,0.007230,1142784,1024.00,0.011554,27.33,21.73,27.33,0,
/mnt/lt20ad2/fio-jobdir,64,6,372,2232M,1m,write,2001.43,2001.47,0.009926,2285568,1024.00,0.011388,71.37,56.26,71.37,0,
/mnt/lt20ad2/fio-jobdir,64,9,372,3348M,1m,write,1902.37,1902.39,0.012634,3428352,1024.00,0.007124,112.63,70.33,112.63,0,
/mnt/lt20ad2/fio-jobdir,64,12,372,4464M,1m,write,1871.45,1871.47,0.019461,4571136,1024.00,0.008467,152.66,82.83,152.66,0,
/mnt/lt20ad2/fio-jobdir,512,1,372,372M,1m,write,2202.08,2202.11,0.229303,380928,1024.00,0.013582,86.49,63.08,86.49,0,
/mnt/lt20ad2/fio-jobdir,512,3,372,1116M,1m,
/mnt/lt20ad2/fio-jobdir,512,6,372,2232M,1m,write,2128.03,2128.03,0.220560,2285568,1024.00,0.017628,537.01,284.05,537.02,0,
/mnt/lt20ad2/fio-jobdir,512,9,372,3348M,1m,write,1534.52,1534.52,0.190916,3428352,1024.00,0.018176,1117.08,761.37,1117.08,0,
/mnt/lt20ad2/fio-jobdir,512,12,372,4464M,1m,WARNING:,Task,203,,partial,write(),,753664,of,1048576,bytes,at,offset,2570059776
/mnt/lt20ad2/fio-jobdir,16,1,372,372M,1m,write,217.76,217.77,0.004644,380928,1024.00,0.009394,27.33,25.90,27.33,0,
/mnt/lt20ad2/fio-jobdir,16,3,372,1116M,1m,write,1008.28,1008.37,0.004832,1142784,1024.00,0.007691,17.71,12.65,17.71,0,
/mnt/lt20ad2/fio-jobdir,16,6,372,2232M,1m,write,1318.84,1318.92,0.011671,2285568,1024.00,0.007587,27.08,17.55,27.08,0,
/mnt/lt20ad2/fio-jobdir,16,9,372,3348M,1m,write,1714.85,1714.92,0.004906,3428352,1024.00,0.007694,31.24,15.70,31.24,0,
/mnt/lt20ad2/fio-jobdir,16,12,372,4464M,1m,write,1660.39,1660.46,0.005500,4571136,1024.00,0.008093,43.01,19.03,43.02,0,
/mnt/lt20ad2/fio-jobdir,64,1,372,372M,1m,write,2017.98,2018.13,0.018871,380928,1024.00,0.006314,11.80,9.99,11.80,0,
/mnt/lt20ad2/fio-jobdir,64,3,372,1116M,1m,write,2242.71,2242.79,0.012624,1142784,1024.00,0.007227,31.85,26.59,31.85,0,
/mnt/lt20ad2/fio-jobdir,64,6,372,2232M,1m,
/mnt/lt20ad2/fio-jobdir,64,9,372,3348M,1m,write,1906.55,1906.56,0.023314,3428352,1024.00,0.007373,112.39,77.71,112.39,0,
/mnt/lt20ad2/fio-jobdir,64,12,372,4464M,1m,
/mnt/lt20ad2/fio-jobdir,512,1,372,372M,1m,
/mnt/lt20ad2/fio-jobdir,512,3,372,1116M,1m,
/mnt/lt20ad2/fio-jobdir,512,6,372,2232M,1m,write,2022.37,2022.38,0.180116,2285568,1024.00,0.025486,565.07,348.40,565.07,0,
/mnt/lt20ad2/fio-jobdir,512,9,372,3348M,1m,
/mnt/lt20ad2/fio-jobdir,512,12,372,4464M,1m,WARNING:,Task,429,,partial,write(),,397312,of,1048576,bytes,at,offset,3921674240
/mnt/lt20ad2/fio-jobdir,16,1,372,372M,1m,write,253.82,253.83,0.006489,380928,1024.00,0.008163,23.45,22.17,23.45,0,
/mnt/lt20ad2/fio-jobdir,16,3,372,1116M,1m,
/mnt/lt20ad2/fio-jobdir,16,6,372,2232M,1m,write,2821.78,2822.05,0.005526,2285568,1024.00,0.008948,12.65,0.437780,12.66,0,
/mnt/lt20ad2/fio-jobdir,16,9,372,3348M,1m,write,1893.29,1893.40,0.005089,3428352,1024.00,0.007566,28.29,11.37,28.29,0,
/mnt/lt20ad2/fio-jobdir,16,12,372,4464M,1m,write,1548.28,1548.34,0.009330,4571136,1024.00,0.014587,46.13,18.02,46.13,0,
/mnt/lt20ad2/fio-jobdir,64,1,372,372M,1m,write,1730.50,1730.65,0.008859,380928,1024.00,0.006920,13.76,10.92,13.76,0,
/mnt/lt20ad2/fio-jobdir,64,3,372,1116M,1m,
/mnt/lt20ad2/fio-jobdir,64,6,372,2232M,1m,write,1760.00,1760.03,0.027681,2285568,1024.00,0.007659,81.16,64.33,81.16,0,
/mnt/lt20ad2/fio-jobdir,64,9,372,3348M,1m,write,1910.71,1910.73,0.012903,3428352,1024.00,0.010118,112.14,91.91,112.14,0,
/mnt/lt20ad2/fio-jobdir,64,12,372,4464M,1m,write,1779.46,1779.48,0.027803,4571136,1024.00,0.011560,160.55,123.17,160.55,0,
/mnt/lt20ad2/fio-jobdir,512,1,372,372M,1m,write,1960.18,1960.21,0.112693,380928,1024.00,0.014022,97.17,80.89,97.17,0,
/mnt/lt20ad2/fio-jobdir,512,3,372,1116M,1m,write,2041.57,2041.58,0.220917,1142784,1024.00,0.018883,279.88,171.16,279.88,0,
/mnt/lt20ad2/fio-jobdir,512,6,372,2232M,1m,write,2245.75,2245.77,0.218604,2285568,1024.00,0.024925,508.86,263.64,508.87,0,
/mnt/lt20ad2/fio-jobdir,512,9,372,3348M,1m,
/mnt/lt20ad2/fio-jobdir,512,12,372,4464M,1m,
/mnt/lt20ad2/fio-jobdir,16,1,372,372M,1m,write,132.90,132.91,0.013992,380928,1024.00,0.007952,44.78,43.83,44.79,0,
/mnt/lt20ad2/fio-jobdir,16,3,372,1116M,1m,write,2836.53,2837.16,0.005540,1142784,1024.00,0.008433,6.29,0.449774,6.30,0,
/mnt/lt20ad2/fio-jobdir,16,6,372,2232M,1m,
/mnt/lt20ad2/fio-jobdir,16,9,372,3348M,1m,write,1685.94,1686.02,0.007270,3428352,1024.00,0.007250,31.77,17.16,31.77,0,
/mnt/lt20ad2/fio-jobdir,16,12,372,4464M,1m,write,1406.88,1406.92,0.009183,4571136,1024.00,0.007555,50.77,27.93,50.77,0,
/mnt/lt20ad2/fio-jobdir,64,1,372,372M,1m,write,3169.19,3169.68,0.014536,380928,1024.00,0.007657,7.51,4.90,7.51,0,
/mnt/lt20ad2/fio-jobdir,64,3,372,1116M,1m,write,2313.57,2313.67,0.018696,1142784,1024.00,0.008594,30.87,25.23,30.87,0,
/mnt/lt20ad2/fio-jobdir,64,6,372,2232M,1m,
/mnt/lt20ad2/fio-jobdir,64,9,372,3348M,1m,write,1893.34,1893.37,0.023278,3428352,1024.00,0.008371,113.17,78.85,113.17,0,
/mnt/lt20ad2/fio-jobdir,64,12,372,4464M,1m,write,1691.88,1691.89,0.020250,4571136,1024.00,0.010721,168.86,100.44,168.86,0,
/mnt/lt20ad2/fio-jobdir,512,1,372,372M,1m,write,1993.88,1993.91,0.156089,380928,1024.00,0.012516,95.52,81.08,95.52,0,
/mnt/lt20ad2/fio-jobdir,512,3,372,1116M,1m,write,1980.16,1980.17,0.148730,1142784,1024.00,0.017686,288.56,201.71,288.56,0,
/mnt/lt20ad2/fio-jobdir,512,6,372,2232M,1m,write,2173.44,2173.46,0.135102,2285568,1024.00,0.019423,525.79,291.96,525.80,0,
/mnt/lt20ad2/fio-jobdir,512,9,372,3348M,1m,write,1675.35,1675.36,0.125104,3428352,1024.00,0.018107,1023.17,675.56,1023.17,0,
/mnt/lt20ad2/fio-jobdir,512,12,372,4464M,1m,
/mnt/ltio/fio-jobdir,16,1,372,372M,1m,write,2644.07,2645.74,0.005225,380928,1024.00,0.007502,2.25,0.891193,2.25,0,
/mnt/ltio/fio-jobdir,16,3,372,1116M,1m,write,2767.15,2767.70,0.005709,1142784,1024.00,0.006974,6.45,1.43,6.45,0,
/mnt/ltio/fio-jobdir,16,6,372,2232M,1m,
/mnt/ltio/fio-jobdir,16,9,372,3348M,1m,write,2088.28,2088.41,0.007073,3428352,1024.00,0.007911,25.65,11.62,25.65,0,
/mnt/ltio/fio-jobdir,16,12,372,4464M,1m,write,2753.51,2753.67,0.004576,4571136,1024.00,0.008419,25.94,5.94,25.94,0,
/mnt/ltio/fio-jobdir,64,1,372,372M,1m,write,5479,5480,0.006583,380928,1024.00,0.008537,4.34,3.39,4.35,0,
/mnt/ltio/fio-jobdir,64,3,372,1116M,1m,
/mnt/ltio/fio-jobdir,64,6,372,2232M,1m,write,4450,4450,0.003458,2285568,1024.00,0.013802,32.10,25.86,32.10,0,
/mnt/ltio/fio-jobdir,64,9,372,3348M,1m,write,2705.45,2705.49,0.008254,3428352,1024.00,0.014060,79.20,68.20,79.20,0,
/mnt/ltio/fio-jobdir,64,12,372,4464M,1m,write,2559.73,2559.76,0.010697,4571136,1024.00,0.010914,111.61,95.99,111.61,0,
/mnt/ltio/fio-jobdir,512,1,372,372M,1m,write,9088,9090,0.022196,380928,1024.00,0.025953,20.95,15.71,20.96,0,
/mnt/ltio/fio-jobdir,512,3,372,1116M,1m,write,4123,4123,0.078736,1142784,1024.00,0.023197,138.59,122.83,138.59,0,
/mnt/ltio/fio-jobdir,512,6,372,2232M,1m,write,3562.82,3562.84,0.094991,2285568,1024.00,0.016994,320.75,292.82,320.75,0,
/mnt/ltio/fio-jobdir,512,9,372,3348M,1m,
/mnt/ltio/fio-jobdir,512,12,372,4464M,1m,WARNING:,Task,443,,partial,write(),,241664,of,1048576,bytes,at,offset,4016046080
/mnt/ltio/fio-jobdir,16,1,372,372M,1m,write,741.41,741.57,0.004132,380928,1024.00,0.013161,8.03,6.98,8.03,0,
/mnt/ltio/fio-jobdir,16,3,372,1116M,1m,write,2707.98,2708.61,0.003540,1142784,1024.00,0.008578,6.59,2.64,6.59,0,
/mnt/ltio/fio-jobdir,16,6,372,2232M,1m,write,2027.90,2028.08,0.005760,2285568,1024.00,0.012233,17.61,10.48,17.61,0,
/mnt/ltio/fio-jobdir,16,9,372,3348M,1m,write,2303.21,2303.38,0.006946,3428352,1024.00,0.010214,23.26,11.67,23.26,0,
/mnt/ltio/fio-jobdir,16,12,372,4464M,1m,write,2482.69,2482.81,0.004082,4571136,1024.00,0.011160,28.77,10.54,28.77,0,
/mnt/ltio/fio-jobdir,64,1,372,372M,1m,write,3992,3993,0.007138,380928,1024.00,0.012528,5.96,4.97,5.96,0,
/mnt/ltio/fio-jobdir,64,3,372,1116M,1m,write,4548,4548,0.009081,1142784,1024.00,0.008271,15.70,12.95,15.71,0,
/mnt/ltio/fio-jobdir,64,6,372,2232M,1m,write,5920,5920,0.009305,2285568,1024.00,0.013318,24.13,17.89,24.13,0,
/mnt/ltio/fio-jobdir,64,9,372,3348M,1m,write,2728.22,2728.26,0.003777,3428352,1024.00,0.011698,78.54,67.87,78.54,0,
/mnt/ltio/fio-jobdir,64,12,372,4464M,1m,write,2987.05,2987.09,0.004697,4571136,1024.00,0.012626,95.64,81.16,95.64,0,
/mnt/ltio/fio-jobdir,512,1,372,372M,1m,
/mnt/ltio/fio-jobdir,512,3,372,1116M,1m,write,3905,3905,0.077362,1142784,1024.00,0.022178,146.34,137.78,146.34,0,
/mnt/ltio/fio-jobdir,512,6,372,2232M,1m,
/mnt/ltio/fio-jobdir,512,9,372,3348M,1m,write,3341.05,3341.07,0.078929,3428352,1024.00,0.022170,513.06,425.05,513.07,0,
/mnt/ltio/fio-jobdir,512,12,372,4464M,1m,write,3159.80,3159.80,0.099699,4571136,1024.00,0.015679,723.33,676.41,723.33,0,
/mnt/ltio/fio-jobdir,16,1,372,372M,1m,
/mnt/ltio/fio-jobdir,16,3,372,1116M,1m,write,2359.52,2359.95,0.003193,1142784,1024.00,0.007316,7.57,4.08,7.57,0,
/mnt/ltio/fio-jobdir,16,6,372,2232M,1m,write,2288.91,2289.13,0.003412,2285568,1024.00,0.009009,15.60,8.00,15.60,0,
/mnt/ltio/fio-jobdir,16,9,372,3348M,1m,write,2231.11,2231.26,0.003755,3428352,1024.00,0.010296,24.01,11.51,24.01,0,
/mnt/ltio/fio-jobdir,16,12,372,4464M,1m,
/mnt/ltio/fio-jobdir,64,1,372,372M,1m,write,4536,4537,0.007235,380928,1024.00,0.007863,5.25,4.30,5.25,0,
/mnt/ltio/fio-jobdir,64,3,372,1116M,1m,write,4591,4595,0.005075,1142784,1024.00,0.016253,15.54,12.80,15.56,0,
/mnt/ltio/fio-jobdir,64,6,372,2232M,1m,write,4398,4398,0.007075,2285568,1024.00,0.012317,32.48,25.95,32.48,0,
/mnt/ltio/fio-jobdir,64,9,372,3348M,1m,write,2765.17,2765.21,0.006154,3428352,1024.00,0.009507,77.49,65.44,77.49,0,
/mnt/ltio/fio-jobdir,64,12,372,4464M,1m,write,1937.98,1938.03,0.004489,4571136,1024.00,0.018317,147.42,130.49,147.42,0,
/mnt/ltio/fio-jobdir,512,1,372,372M,1m,write,5458,5458,0.029992,380928,1024.00,0.046335,34.89,29.26,34.89,0,
/mnt/ltio/fio-jobdir,512,3,372,1116M,1m,write,2491.42,2491.44,0.034648,1142784,1024.00,0.016671,229.34,213.22,229.34,0,
/mnt/ltio/fio-jobdir,512,6,372,2232M,1m,write,3663,3663,0.069952,2285568,1024.00,0.022892,311.99,274.00,311.99,0,
/mnt/ltio/fio-jobdir,512,9,372,3348M,1m,write,3502.63,3502.64,0.066651,3428352,1024.00,0.015214,489.40,382.59,489.40,0,
/mnt/ltio/fio-jobdir,512,12,372,4464M,1m,write,2948.25,2948.26,0.051880,4571136,1024.00,0.019618,775.23,656.82,775.23,0,
/mnt/ltio/fio-jobdir,16,1,372,372M,1m,write,2014.15,2015.16,0.004509,380928,1024.00,0.007983,2.95,1.72,2.96,0,
/mnt/ltio/fio-jobdir,16,3,372,1116M,1m,write,1934.98,1938.08,0.003640,1142784,1024.00,0.007522,9.21,5.27,9.23,0,
/mnt/ltio/fio-jobdir,16,6,372,2232M,1m,
/mnt/ltio/fio-jobdir,16,9,372,3348M,1m,write,1707.93,1708.01,0.004849,3428352,1024.00,0.008003,31.36,22.77,31.36,0,
/mnt/ltio/fio-jobdir,16,12,372,4464M,1m,
/mnt/ltio/fio-jobdir,64,1,372,372M,1m,write,3299.08,3299.66,0.004701,380928,1024.00,0.007765,7.22,6.25,7.22,0,
/mnt/ltio/fio-jobdir,64,3,372,1116M,1m,write,4600,4600,0.011795,1142784,1024.00,0.007422,15.53,12.68,15.53,0,
/mnt/ltio/fio-jobdir,64,6,372,2232M,1m,write,4091,4091,0.015639,2285568,1024.00,0.007941,34.91,29.31,34.92,0,
/mnt/ltio/fio-jobdir,64,9,372,3348M,1m,write,1582.87,1582.91,0.014194,3428352,1024.00,0.010168,135.37,125.82,135.37,0,
/mnt/ltio/fio-jobdir,64,12,372,4464M,1m,write,1194.08,1194.10,0.045243,4571136,1024.00,0.026610,239.26,222.75,239.26,0,
/mnt/ltio/fio-jobdir,512,1,372,372M,1m,write,3890,3891,0.033337,380928,1024.00,0.015643,48.95,43.99,48.96,0,
/mnt/ltio/fio-jobdir,512,3,372,1116M,1m,write,3660,3661,0.081007,1142784,1024.00,0.023948,156.09,144.07,156.11,0,
/mnt/ltio/fio-jobdir,512,6,372,2232M,1m,
/mnt/ltio/fio-jobdir,512,9,372,3348M,1m,write,3585.22,3585.24,0.049567,3428352,1024.00,0.019789,478.12,397.33,478.12,0,
/mnt/ltio/fio-jobdir,512,12,372,4464M,1m,write,3544.92,3544.92,0.068211,4571136,1024.00,0.019764,644.74,520.15,644.75,0,
/mnt/ltio/fio-jobdir,16,1,372,372M,1m,write,2144.72,2145.77,0.003962,380928,1024.00,0.009233,2.77,1.30,2.78,0,
/mnt/ltio/fio-jobdir,16,3,372,1116M,1m,write,2119.68,2121.16,0.005295,1142784,1024.00,0.011250,8.42,5.14,8.42,0,
/mnt/ltio/fio-jobdir,16,6,372,2232M,1m,
/mnt/ltio/fio-jobdir,16,9,372,3348M,1m,write,1784.25,1784.33,0.003992,3428352,1024.00,0.010588,30.02,16.90,30.02,0,
/mnt/ltio/fio-jobdir,16,12,372,4464M,1m,write,1995.52,1995.61,0.007414,4571136,1024.00,0.011089,35.79,19.32,35.79,0,
/mnt/ltio/fio-jobdir,64,1,372,372M,1m,
/mnt/ltio/fio-jobdir,64,3,372,1116M,1m,write,5387,5387,0.002915,1142784,1024.00,0.009847,13.26,10.21,13.26,0,
/mnt/ltio/fio-jobdir,64,6,372,2232M,1m,write,3182.96,3183.04,0.006793,2285568,1024.00,0.012303,44.88,38.75,44.88,0,
/mnt/ltio/fio-jobdir,64,9,372,3348M,1m,write,2629.40,2629.54,0.007805,3428352,1024.00,0.010379,81.49,72.17,81.49,0,
/mnt/ltio/fio-jobdir,64,12,372,4464M,1m,
/mnt/ltio/fio-jobdir,512,1,372,372M,1m,write,7824,7825,0.030169,380928,1024.00,0.015726,24.34,20.43,24.34,0,
/mnt/ltio/fio-jobdir,512,3,372,1116M,1m,write,2815.85,2815.87,0.042754,1142784,1024.00,0.016699,202.92,190.39,202.92,0,
/mnt/ltio/fio-jobdir,512,6,372,2232M,1m,write,2469.48,2469.48,0.093007,2285568,1024.00,0.016793,462.76,440.87,462.76,0,
/mnt/ltio/fio-jobdir,512,9,372,3348M,1m,write,3393.04,3393.05,0.097930,3428352,1024.00,0.017890,505.20,436.80,505.20,0,
/mnt/ltio/fio-jobdir,512,12,372,4464M,1m,write,3214.04,3214.05,0.107745,4571136,1024.00,0.025470,711.12,634.58,711.12,0,
/mnt/ltio/fio-jobdir,16,1,372,372M,1m,write,2364.10,2365.52,0.004446,380928,1024.00,0.007559,2.52,1.41,2.52,0,
/mnt/ltio/fio-jobdir,16,3,372,1116M,1m,
/mnt/ltio/fio-jobdir,16,6,372,2232M,1m,write,1729.53,1729.63,0.005736,2285568,1024.00,0.011071,20.65,13.14,20.65,0,
/mnt/ltio/fio-jobdir,16,9,372,3348M,1m,
/mnt/ltio/fio-jobdir,16,12,372,4464M,1m,write,2265.01,2265.49,0.004914,4571136,1024.00,0.015351,31.53,15.93,31.53,0,
/mnt/ltio/fio-jobdir,64,1,372,372M,1m,write,5452,5453,0.011736,380928,1024.00,0.010265,4.37,3.37,4.37,0,
/mnt/ltio/fio-jobdir,64,3,372,1116M,1m,
/mnt/ltio/fio-jobdir,64,6,372,2232M,1m,write,2226.05,2226.09,0.012339,2285568,1024.00,0.011119,64.17,58.74,64.17,0,
/mnt/ltio/fio-jobdir,64,9,372,3348M,1m,
/mnt/ltio/fio-jobdir,64,12,372,4464M,1m,write,2880.34,2880.38,0.010740,4571136,1024.00,0.009013,99.19,81.50,99.19,0,
/mnt/ltio/fio-jobdir,512,1,372,372M,1m,write,7799,7799,0.042736,380928,1024.00,0.019389,24.42,18.89,24.42,0,
/mnt/ltio/fio-jobdir,512,3,372,1116M,1m,write,3214.30,3214.33,0.050620,1142784,1024.00,0.015813,177.76,164.30,177.77,0,
/mnt/ltio/fio-jobdir,512,6,372,2232M,1m,
/mnt/ltio/fio-jobdir,512,9,372,3348M,1m,write,3095.73,3095.74,0.145048,3428352,1024.00,0.022715,553.72,489.78,553.72,0,
/mnt/ltio/fio-jobdir,512,12,372,4464M,1m,write,3593.65,3593.66,0.134025,4571136,1024.00,0.018324,636.00,479.77,636.00,0,
