,runtype,run,nranks,epcnt,epoch1_wr_min,epoch1_wr_max,epoch2_wr_min,epoch2_wr_max,epoch3_wr_min,epoch3_wr_max,epoch4_wr_min,epoch4_wr_max,epoch5_wr_min,epoch5_wr_max,epoch6_wr_min,epoch6_wr_max,epoch7_wr_min,epoch7_wr_max,epoch8_wr_min,epoch8_wr_max,epoch9_wr_min,epoch9_wr_max,epoch10_wr_min,epoch10_wr_max,load_std,wr_dropped,epoch4_tmin,epoch4_tmax,epoch5_tmin,epoch5_tmax,epoch6_tmin,epoch6_tmax,epoch7_tmin,epoch7_tmax,epoch8_tmin,epoch8_tmax,epoch9_tmin,epoch9_tmax,epoch10_tmin,epoch10_tmax,epoch11_tmin,epoch11_tmax,epoch12_tmin,epoch12_tmax,max_fin_dura,total_io_time,epoch3_tmin,epoch3_tmax,epoch11_wr_min,epoch11_wr_max,epoch2_tmin,epoch2_tmax,epoch12_wr_min,epoch12_wr_max,epoch1_tmin,epoch1_tmax
0,network-suite-psm,3,256,12,6500000,6600000,6500000,6600000,6500000,6600000,6500000,6600000,6500000.0,6600000.0,6500000.0,6600000.0,6500000.0,6600000.0,6500000.0,6600000.0,6500000.0,6600000.0,6500000.0,6600000.0,0,0,28157.0,29160.0,28001.0,29021.0,28002.0,29084.0,28347.0,29172.0,28299.0,29116.0,27825.0,29396.0,28136.0,32460.0,28384.0,29720.0,28128.0,29640.0,1.1720000000000002,352530.813,,,,,,,,,,
1,network-suite-psm,3,512,12,6500000,6600000,6500000,6600000,6500000,6600000,6500000,6600000,6500000.0,6600000.0,6500000.0,6600000.0,6500000.0,6600000.0,6500000.0,6600000.0,6500000.0,6600000.0,6500000.0,6600000.0,0,0,28222.0,29680.0,28224.0,29685.0,28259.0,38712.0,28514.0,29760.0,28148.0,30308.0,28264.0,30254.0,28407.0,29864.0,28093.0,30684.0,28133.0,30560.0,3.9230000000000005,366837.104,,,,,,,,,,
2,network-suite-psm,3,128,12,6500000,6600000,6500000,6600000,6500000,6600000,6500000,6600000,6500000.0,6600000.0,6500000.0,6600000.0,6500000.0,6600000.0,6500000.0,6600000.0,6500000.0,6600000.0,6500000.0,6600000.0,0,0,40452.0,47892.0,40869.0,48984.0,40922.0,49188.0,43480.0,48800.0,42312.0,48892.0,41764.0,49005.0,43120.0,48800.0,41991.0,50304.0,42268.0,48564.0,0.88,582977.755,,,,,,,,,,
3,network-suite-psm,2,512,12,6500000,6600000,6500000,6600000,6500000,6600000,6500000,6600000,6500000.0,6600000.0,6500000.0,6600000.0,6500000.0,6600000.0,6500000.0,6600000.0,6500000.0,6600000.0,6500000.0,6600000.0,0,0,28416.0,29616.0,28406.0,29634.0,28399.0,29636.0,28417.0,29792.0,28400.0,29527.0,28513.0,29613.0,28253.0,30580.0,28406.0,30296.0,28343.0,29764.0,3.439,356252.23699999996,,,,,,,,,,
4,network-suite-psm,3,32,12,6500000,6600000,6500000,6600000,6500000,6600000,6500000,6600000,6500000.0,6600000.0,6500000.0,6600000.0,6500000.0,6600000.0,6500000.0,6600000.0,6500000.0,6600000.0,6500000.0,6600000.0,0,0,74040.0,74436.0,71168.0,71416.0,74587.0,74652.0,73741.0,73860.0,72308.0,73100.0,74384.0,74528.0,74796.0,75340.0,74760.0,75312.0,74964.0,75152.0,3.713,890813.299,,,,,,,,,,
5,network-suite-psm,3,16,12,6500000,6600000,6500000,6600000,6500000,6600000,6500000,6600000,6500000.0,6600000.0,6500000.0,6600000.0,6500000.0,6600000.0,6500000.0,6600000.0,6500000.0,6600000.0,6500000.0,6600000.0,0,0,22076.0,22116.0,22500.0,22536.0,22072.0,22116.0,22004.0,22064.0,22032.0,22084.0,22193.0,22236.0,22120.0,22160.0,22128.0,22170.0,22132.0,22168.0,4.104,265319.946,22604.0,22652.0,,,,,,,,
6,network-suite-psm,3,64,12,6500000,6600000,6500000,6600000,6500000,6600000,6500000,6600000,6500000.0,6600000.0,6500000.0,6600000.0,6500000.0,6600000.0,6500000.0,6600000.0,6500000.0,6600000.0,6500000.0,6600000.0,0,0,57548.0,58636.0,54413.0,56520.0,58624.0,61428.0,57197.0,61096.0,57432.0,60920.0,53019.0,58540.0,53532.0,57128.0,58356.0,61762.0,51645.0,58586.0,2.6679999999999997,716381.748,,,,,,,,,,
7,network-suite-psm,1,64,12,6500000,6600000,6500000,6600000,6500000,6600000,6500000,6600000,6500000.0,6600000.0,6500000.0,6600000.0,6500000.0,6600000.0,6500000.0,6600000.0,6500000.0,6600000.0,6500000.0,6600000.0,0,0,53192.0,55644.0,53140.0,56174.0,53784.0,57037.0,53152.0,55220.0,55496.0,58392.0,53998.0,56988.0,53696.0,56831.0,52174.0,55160.0,52568.0,55080.0,0.844,681480.456,,,,,,,,,,
8,network-suite-psm,2,32,12,6500000,6600000,6500000,6600000,6500000,6600000,6500000,6600000,6500000.0,6600000.0,6500000.0,6600000.0,6500000.0,6600000.0,6500000.0,6600000.0,6500000.0,6600000.0,6500000.0,6600000.0,0,0,74946.0,75500.0,74568.0,75025.0,74531.0,75016.0,75420.0,75700.0,73256.0,73633.0,72512.0,72742.0,75008.0,75600.0,75162.0,75388.0,74788.0,75452.0,1.271,894799.9670000001,,,,,,,,,,
9,network-suite-psm,2,256,12,6500000,6600000,6500000,6600000,6500000,6600000,6500000,6600000,6500000.0,6600000.0,6500000.0,6600000.0,6500000.0,6600000.0,6500000.0,6600000.0,6500000.0,6600000.0,6500000.0,6600000.0,0,0,28424.0,29872.0,27931.0,31592.0,28160.0,30056.0,28053.0,29853.0,27928.0,30300.0,28179.0,29800.0,28052.0,30432.0,28369.0,30213.0,28072.0,30740.0,1.4289999999999998,361461.987,,,,,,,,,,
10,network-suite-psm,2,16,12,6500000,6600000,6500000,6600000,6500000,6600000,6500000,6600000,6500000.0,6600000.0,6500000.0,6600000.0,6500000.0,6600000.0,6500000.0,6600000.0,6500000.0,6600000.0,6500000.0,6600000.0,0,0,22312.0,22364.0,22236.0,22279.0,21836.0,21896.0,22073.0,22112.0,22068.0,22100.0,21844.0,21892.0,21693.0,21772.0,21944.0,22000.0,22024.0,22068.0,3.9830000000000005,263442.814,22012.0,22052.0,,,,,,,,
11,network-suite-psm,1,32,12,6500000,6600000,6500000,6600000,6500000,6600000,6500000,6600000,6500000.0,6600000.0,6500000.0,6600000.0,6500000.0,6600000.0,6500000.0,6600000.0,6500000.0,6600000.0,6500000.0,6600000.0,0,0,74913.0,75150.0,74348.0,75608.0,74925.0,75534.0,74920.0,75280.0,74859.0,74942.0,74008.0,74722.0,75004.0,75092.0,74368.0,75708.0,74792.0,75412.0,3.98,899735.374,,,,,,,,,,
12,network-suite-psm,1,16,12,6500000,6600000,6500000,6600000,6500000,6600000,6500000,6600000,6500000.0,6600000.0,6500000.0,6600000.0,6500000.0,6600000.0,6500000.0,6600000.0,6500000.0,6600000.0,6500000.0,6600000.0,0,0,22012.0,22036.0,21996.0,22020.0,21676.0,21716.0,22068.0,22108.0,22124.0,22168.0,22652.0,22708.0,22132.0,22172.0,21990.0,22020.0,21892.0,21948.0,1.018,263856.739,22132.0,22172.0,,,,,,,,
13,network-suite-psm,2,128,12,6500000,6600000,6500000,6600000,6500000,6600000,6500000,6600000,6500000.0,6600000.0,6500000.0,6600000.0,6500000.0,6600000.0,6500000.0,6600000.0,6500000.0,6600000.0,6500000.0,6600000.0,0,0,41228.0,47885.0,41898.0,48313.0,41684.0,48550.0,41982.0,48004.0,42080.0,47840.0,42148.0,49858.0,41764.0,49700.0,42341.0,49564.0,42900.0,49498.0,3.215,582786.699,,,,,,,,,,
14,network-suite-psm,2,64,12,6500000,6600000,6500000,6600000,6500000,6600000,6500000,6600000,6500000.0,6600000.0,6500000.0,6600000.0,6500000.0,6600000.0,6500000.0,6600000.0,6500000.0,6600000.0,6500000.0,6600000.0,0,0,57261.0,60124.0,56312.0,62029.0,51365.0,60560.0,56180.0,62780.0,54588.0,58368.0,59133.0,63928.0,58257.0,63704.0,57205.0,62188.0,54012.0,58008.0,3.427,730620.4639999999,,,,,,,,,,
15,network-suite-psm,1,512,12,6500000,6600000,6500000,6600000,6500000,6600000,6500000,6600000,6500000.0,6600000.0,6500000.0,6600000.0,6500000.0,6600000.0,6500000.0,6600000.0,6500000.0,6600000.0,6500000.0,6600000.0,0,0,28351.0,29472.0,28339.0,29744.0,28454.0,29604.0,28560.0,29645.0,28337.0,29452.0,28100.0,29380.0,28377.0,29831.0,28525.0,29848.0,28111.0,29380.0,2.913,353355.295,,,,,,,,,,
16,network-suite-psm,1,256,12,6500000,6600000,6500000,6600000,6500000,6600000,6500000,6600000,6500000.0,6600000.0,6500000.0,6600000.0,6500000.0,6600000.0,6500000.0,6600000.0,6500000.0,6600000.0,6500000.0,6600000.0,0,0,28158.0,29755.0,28136.0,29798.0,28015.0,29876.0,28036.0,36480.0,28139.0,29868.0,28120.0,30163.0,28223.0,30284.0,27997.0,30402.0,28071.0,29650.0,0.816,365634.375,,,,,,,,,,
17,network-suite-psm,1,128,12,6500000,6600000,6500000,6600000,6500000,6600000,6500000,6600000,6500000.0,6600000.0,6500000.0,6600000.0,6500000.0,6600000.0,6500000.0,6600000.0,6500000.0,6600000.0,6500000.0,6600000.0,0,0,42449.0,49352.0,42018.0,49692.0,40632.0,47784.0,41896.0,48837.0,40862.0,48068.0,41341.0,48030.0,40871.0,49148.0,42246.0,48052.0,41360.0,48536.0,2.827,579291.419,,,,,,,,,,
18,network-suite,3,256,12,6500000,6600000,6500000,6600000,6500000,6600000,6500000,6600000,6500000.0,6600000.0,6500000.0,6600000.0,6500000.0,6600000.0,6500000.0,6600000.0,6500000.0,6600000.0,6500000.0,6600000.0,0,0,19483.0,22668.0,18976.0,23117.0,20422.0,23743.0,20543.0,22633.0,20297.0,22813.0,20532.0,23554.0,19184.0,23670.0,20302.0,24271.0,19888.0,23200.0,2.4699999999999998,280331.306,,,,,,,,,,
19,network-suite,3,512,12,6500000,6600000,6500000,6600000,6500000,6600000,6500000,6600000,6500000.0,6600000.0,6500000.0,6600000.0,6500000.0,6600000.0,6500000.0,6600000.0,6500000.0,6600000.0,6500000.0,6600000.0,0,0,19866.0,24355.0,21016.0,26204.0,21799.0,25307.0,21260.0,24698.0,19043.0,24692.0,20731.0,25177.0,20721.0,25636.0,20715.0,24362.0,21052.0,24942.0,2.3770000000000002,300746.32,,,,,,,,,,
20,network-suite,3,128,12,6500000,6600000,6500000,6600000,6500000,6600000,6500000,6600000,6500000.0,6600000.0,6500000.0,6600000.0,6500000.0,6600000.0,6500000.0,6600000.0,6500000.0,6600000.0,6500000.0,6600000.0,0,0,27893.0,31576.0,28764.0,31230.0,29599.0,33267.0,29226.0,31228.0,28642.0,32305.999999999996,28970.0,32003.999999999996,27292.0,33459.0,29753.0,32775.0,28398.0,32689.0,2.265,389412.643,,,,,,,,,,
21,network-suite,2,512,12,6500000,6600000,6500000,6600000,6500000,6600000,6500000,6600000,6500000.0,6600000.0,6500000.0,6600000.0,6500000.0,6600000.0,6500000.0,6600000.0,6500000.0,6600000.0,6500000.0,6600000.0,0,0,21824.0,25197.0,20715.0,25851.0,21124.0,24156.0,21250.0,24353.0,21379.0,25149.0,20564.0,24717.0,21749.0,24718.0,20783.0,24498.0,21571.0,24829.0,1.824,297322.207,,,,,,,,,,
22,network-suite,3,32,12,6500000,6600000,6500000,6600000,6500000,6600000,6500000,6600000,6500000.0,6600000.0,6500000.0,6600000.0,6500000.0,6600000.0,6500000.0,6600000.0,6500000.0,6600000.0,6500000.0,6600000.0,0,0,68857.0,69532.0,71091.0,71183.0,68382.0,68810.0,70621.0,72124.0,71974.0,72292.0,68708.0,69032.0,73129.0,74106.0,68169.0,70053.0,72980.0,73001.0,3.585,847050.638,,,,,,,,,,
23,network-suite,3,16,12,6500000,6600000,6500000,6600000,6500000,6600000,6500000,6600000,6500000.0,6600000.0,6500000.0,6600000.0,6500000.0,6600000.0,6500000.0,6600000.0,6500000.0,6600000.0,6500000.0,6600000.0,0,0,10336.0,10358.0,10155.0,10164.0,10211.0,10228.0,10190.0,10200.0,10129.0,10136.0,10180.0,10197.0,10129.0,10135.0,10063.0,10077.0,10117.0,10149.0,0.5810000000000001,122158.30900000001,10107.0,10123.0,6500000.0,6600000.0,10737.0,10755.0,,,,
24,network-suite,3,64,12,6500000,6600000,6500000,6600000,6500000,6600000,6500000,6600000,6500000.0,6600000.0,6500000.0,6600000.0,6500000.0,6600000.0,6500000.0,6600000.0,6500000.0,6600000.0,6500000.0,6600000.0,0,0,44615.0,47010.0,43822.0,48834.0,44403.0,50460.0,46681.0,48070.0,45614.0,46380.0,43654.0,48335.0,44597.0,47011.0,45722.0,46564.0,44384.0,46596.0,1.403,576201.1730000001,,,,,,,,,,
25,network-suite,1,64,12,6500000,6600000,6500000,6600000,6500000,6600000,6500000,6600000,6500000.0,6600000.0,6500000.0,6600000.0,6500000.0,6600000.0,6500000.0,6600000.0,6500000.0,6600000.0,6500000.0,6600000.0,0,0,43241.0,44230.0,43319.0,45250.0,42662.0,45949.0,43199.0,46245.0,40883.0,46540.0,44880.0,46436.0,45092.0,47100.0,43436.0,44392.0,44520.0,45753.0,1.926,551999.166,,,,,,,,,,
26,network-suite,2,32,12,6500000,6600000,6500000,6600000,6500000,6600000,6500000,6600000,6500000.0,6600000.0,6500000.0,6600000.0,6500000.0,6600000.0,6500000.0,6600000.0,6500000.0,6600000.0,6500000.0,6600000.0,0,0,69176.0,69562.0,69326.0,70288.0,67231.0,68283.0,73767.0,73934.0,76091.0,77647.0,70830.0,70894.0,72299.0,72932.0,70663.0,71125.0,71219.0,71799.0,0.722,855227.86,,,,,,,,,,
27,network-suite,2,256,12,6500000,6600000,6500000,6600000,6500000,6600000,6500000,6600000,6500000.0,6600000.0,6500000.0,6600000.0,6500000.0,6600000.0,6500000.0,6600000.0,6500000.0,6600000.0,6500000.0,6600000.0,0,0,19959.0,22904.0,20081.0,23336.0,19715.0,24031.0,20450.0,22810.0,19331.0,23023.0,20150.0,23120.0,20800.0,23555.0,20513.0,22693.0,19017.0,22184.0,1.709,279239.318,,,,,,,,,,
28,network-suite,2,16,12,6500000,6600000,6500000,6600000,6500000,6600000,6500000,6600000,6500000.0,6600000.0,6500000.0,6600000.0,6500000.0,6600000.0,6500000.0,6600000.0,6500000.0,6600000.0,6500000.0,6600000.0,0,0,10084.0,10092.0,10132.0,10143.0,10157.0,10170.0,10263.0,10283.0,10174.0,10192.0,10111.0,10127.0,10008.0,10027.0,10092.0,10104.0,10069.0,10086.0,0.499,122038.074,10051.0,10064.0,6500000.0,6600000.0,11207.0,11223.0,,,,
29,network-suite,1,32,12,6500000,6600000,6500000,6600000,6500000,6600000,6500000,6600000,6500000.0,6600000.0,6500000.0,6600000.0,6500000.0,6600000.0,6500000.0,6600000.0,6500000.0,6600000.0,6500000.0,6600000.0,0,0,71594.0,71705.0,71181.0,71515.0,74362.0,75107.0,71152.0,71910.0,67836.0,67995.0,69481.0,69549.0,68569.0,68820.0,70172.0,70964.0,70759.0,71054.0,1.6,860663.349,,,,,,,,,,
30,network-suite,1,16,12,6500000,6600000,6500000,6600000,6500000,6600000,6500000,6600000,6500000.0,6600000.0,6500000.0,6600000.0,6500000.0,6600000.0,6500000.0,6600000.0,6500000.0,6600000.0,6500000.0,6600000.0,0,0,10648.0,10662.0,10539.0,10556.0,10400.0,10405.0,10719.0,10736.0,10620.0,10626.0,10413.0,10424.0,10551.0,10568.0,10399.0,10407.0,10745.0,10753.0,0.635,126182.0,10570.0,10578.0,6500000.0,6600000.0,11030.0,11042.0,,,,
31,network-suite,2,128,12,6500000,6600000,6500000,6600000,6500000,6600000,6500000,6600000,6500000.0,6600000.0,6500000.0,6600000.0,6500000.0,6600000.0,6500000.0,6600000.0,6500000.0,6600000.0,6500000.0,6600000.0,0,0,28651.0,31515.0,29390.0,34432.0,30624.0,32101.999999999996,27739.0,31147.0,27144.0,32144.0,27271.0,31961.0,28551.0,31589.0,28756.0,34745.0,28170.0,32137.999999999996,1.645,388351.77800000005,,,,,,,,,,
32,network-suite,2,64,12,6500000,6600000,6500000,6600000,6500000,6600000,6500000,6600000,6500000.0,6600000.0,6500000.0,6600000.0,6500000.0,6600000.0,6500000.0,6600000.0,6500000.0,6600000.0,6500000.0,6600000.0,0,0,44006.0,45523.0,43423.0,47200.0,42970.0,43808.0,43005.0,45293.0,45329.0,48847.0,42286.0,45593.0,45560.0,48003.0,42945.0,44355.0,43761.0,48630.0,1.79,553103.081,,,,,,,,,,
33,network-suite,1,512,12,6500000,6600000,6500000,6600000,6500000,6600000,6500000,6600000,6500000.0,6600000.0,6500000.0,6600000.0,6500000.0,6600000.0,6500000.0,6600000.0,6500000.0,6600000.0,6500000.0,6600000.0,0,0,20801.0,24227.0,21287.0,25016.0,20306.0,24650.0,21625.0,24332.0,20877.0,23742.0,20422.0,24840.0,21442.0,25154.0,21530.0,24940.0,20910.0,25561.0,3.862,296312.05,,,,,,,,,,
34,network-suite,1,256,12,6500000,6600000,6500000,6600000,6500000,6600000,6500000,6600000,6500000.0,6600000.0,6500000.0,6600000.0,6500000.0,6600000.0,6500000.0,6600000.0,6500000.0,6600000.0,6500000.0,6600000.0,0,0,19720.0,22616.0,19856.0,23592.0,20051.0,22840.0,19025.0,22908.0,18576.0,23169.0,19172.0,22507.0,19240.0,22546.0,18610.0,24440.0,19774.0,23427.0,1.9919999999999998,279168.343,,,,,,,,,,
35,network-suite,1,128,12,6500000,6600000,6500000,6600000,6500000,6600000,6500000,6600000,6500000.0,6600000.0,6500000.0,6600000.0,6500000.0,6600000.0,6500000.0,6600000.0,6500000.0,6600000.0,6500000.0,6600000.0,0,0,28771.0,30805.0,28397.0,32592.0,29086.0,32711.0,30079.0,31684.0,29438.0,32521.0,29165.0,32485.999999999996,28343.0,32771.0,28621.0,31818.0,28653.0,31355.0,1.078,386147.54099999997,,,,,,,,,,
36,dfs-reg-suite,3,256,12,6500000,6600000,6500000,6600000,6500000,6600000,6500000,6600000,6500000.0,6600000.0,6500000.0,6600000.0,6500000.0,6600000.0,6500000.0,6600000.0,6500000.0,6600000.0,6500000.0,6600000.0,0,0,23098.0,26148.0,24790.0,27408.0,23921.0,26236.0,23392.0,28606.0,22696.0,25873.0,23344.0,25073.0,23420.0,28164.0,23514.0,26469.0,23926.0,27441.0,24035.668999999998,343324.406,23165.0,25429.0,6500000.0,6600000.0,24401.0,26873.0,6500000.0,6600000.0,,
37,dfs-reg-suite,3,512,12,6500000,6700000,6400000,7200000,5900000,6900000,6200000,7200000,5900000.0,7200000.0,5900000.0,7000000.0,6100000.0,6600000.0,6500000.0,7300000.0,5800000.0,13100000.0,5900000.0,7200000.0,0,0,51168.0,63081.0,85109.0,115246.0,76626.0,108770.0,63823.0,121220.0,49113.0,73349.0,70574.0,85775.0,85660.0,117687.0,73760.0,111642.0,76525.0,106977.0,24068.559,1076373.412,45525.0,69453.0,5900000.0,7200000.0,22549.0,30742.0,5900000.0,13100000.0,,
38,dfs-reg-suite,3,128,12,6500000,6600000,6500000,6600000,6500000,6600000,6500000,6600000,6500000.0,6600000.0,6500000.0,6600000.0,6500000.0,6600000.0,6500000.0,6600000.0,6500000.0,6600000.0,6500000.0,6600000.0,0,0,32101.999999999996,35104.0,33105.0,35007.0,33101.0,35269.0,31969.0,34846.0,32011.000000000004,35712.0,31645.0,34280.0,32464.0,34373.0,30498.0,34086.0,31646.0,34913.0,3039.154,422355.479,,,,,,,,,,
39,dfs-reg-suite,2,512,12,6300000,7100000,6000000,6700000,6400000,7200000,5900000,13100000,6500000.0,7200000.0,5900000.0,7200000.0,5900000.0,7200000.0,5900000.0,7200000.0,5900000.0,7200000.0,5900000.0,6600000.0,0,0,43356.0,58024.0,46087.0,78022.0,77180.0,132823.0,68228.0,74444.0,85590.0,110207.0,88785.0,115625.0,76358.0,96157.0,78600.0,103678.0,84530.0,102396.0,19989.956,1038569.955,,,,,,,,,,
40,dfs-reg-suite,3,32,12,6500000,6600000,6500000,6600000,6500000,6600000,6500000,6600000,6500000.0,6600000.0,6500000.0,6600000.0,6500000.0,6600000.0,6500000.0,6600000.0,6500000.0,6600000.0,6500000.0,6600000.0,0,0,79206.0,79574.0,74191.0,74732.0,76031.0,76707.0,76764.0,76978.0,73765.0,74285.0,77375.0,77720.0,78669.0,79206.0,73716.0,74532.0,75843.0,75913.0,77.664,918049.0,75305.0,75447.0,,,,,,,,
41,dfs-reg-suite,3,16,12,6500000,6600000,6500000,6600000,6500000,6600000,6500000,6600000,6500000.0,6600000.0,6500000.0,6600000.0,6500000.0,6600000.0,6500000.0,6600000.0,6500000.0,6600000.0,6500000.0,6600000.0,0,0,11832.0,11850.0,11390.0,11407.0,11565.0,11603.0,11307.0,11331.0,11466.0,11485.0,11371.0,11406.0,11524.0,11557.0,11359.0,11374.0,11468.0,11487.0,59.666999999999994,138398.446,12064.0,12084.0,6500000.0,6600000.0,12183.0,12200.0,,,,
42,dfs-reg-suite,3,64,12,6500000,6600000,6500000,6600000,6500000,6600000,6500000,6600000,6500000.0,6600000.0,6500000.0,6600000.0,6500000.0,6600000.0,6500000.0,6600000.0,6500000.0,6600000.0,6500000.0,6600000.0,0,0,47624.0,48986.0,46073.0,48944.0,47988.0,49461.0,47043.0,48155.0,47354.0,49050.0,47071.0,48797.0,47208.0,50713.0,47429.0,49011.0,46981.0,48443.0,159.116,586872.103,,,,,,,,,,
43,dfs-reg-suite,1,64,12,6500000,6600000,6500000,6600000,6500000,6600000,6500000,6600000,6500000.0,6600000.0,6500000.0,6600000.0,6500000.0,6600000.0,6500000.0,6600000.0,6500000.0,6600000.0,6500000.0,6600000.0,0,0,46666.0,47819.0,47788.0,50173.0,46665.0,49192.0,47561.0,50250.0,46426.0,50532.0,47371.0,48470.0,48369.0,49271.0,46603.0,48387.0,47907.0,48996.0,141.457,597897.511,,,,,,,,,,
44,dfs-reg-suite,2,32,12,6500000,6600000,6500000,6600000,6500000,6600000,6500000,6600000,6500000.0,6600000.0,6500000.0,6600000.0,6500000.0,6600000.0,6500000.0,6600000.0,6500000.0,6600000.0,6500000.0,6600000.0,0,0,74454.0,74778.0,73364.0,75245.0,74614.0,75402.0,74247.0,74673.0,73854.0,74270.0,75932.0,76896.0,73286.0,73445.0,73370.0,73752.0,73259.0,74611.0,168.284,903603.43,,,,,,,,,,
45,dfs-reg-suite,2,256,12,6500000,6600000,6500000,6600000,6500000,6600000,6500000,6600000,6500000.0,6600000.0,6500000.0,6600000.0,6500000.0,13100000.0,6500000.0,6600000.0,6500000.0,6600000.0,6500000.0,6600000.0,0,0,23827.0,28169.0,23383.0,27053.0,22884.0,26431.0,21843.0,25911.0,22929.0,27921.0,23992.0,28948.0,31359.0,34746.0,30905.0,40575.0,29196.0,34762.0,15848.431,375176.957,,,,,,,,,,
46,dfs-reg-suite,2,16,12,6500000,6600000,6500000,6600000,6500000,6600000,6500000,6600000,6500000.0,6600000.0,6500000.0,6600000.0,6500000.0,6600000.0,6500000.0,6600000.0,6500000.0,6600000.0,6500000.0,6600000.0,0,0,11598.0,11627.0,11747.0,11763.0,11814.0,11840.0,11870.0,11897.0,12073.0,12100.0,11960.0,11986.0,11765.0,11780.0,11770.0,11798.0,11888.0,11914.0,58.7,141308.47600000002,11931.0,11961.0,6500000.0,6600000.0,11922.0,11947.0,,,,
47,dfs-reg-suite,1,32,12,6500000,6600000,6500000,6600000,6500000,6600000,6500000,6600000,6500000.0,6600000.0,6500000.0,6600000.0,6500000.0,6600000.0,6500000.0,6600000.0,6500000.0,6600000.0,6500000.0,6600000.0,0,0,75745.0,75908.0,76365.0,77581.0,77744.0,80227.0,74471.0,74633.0,75442.0,76600.0,77414.0,78544.0,75583.0,75956.0,75999.0,76061.0,74736.0,75052.0,176.832,922172.3809999999,,,,,,,,,,
48,dfs-reg-suite,1,16,12,6500000,6600000,6500000,6600000,6500000,6600000,6500000,6600000,6500000.0,6600000.0,6500000.0,6600000.0,6500000.0,6600000.0,6500000.0,6600000.0,6500000.0,6600000.0,6500000.0,6600000.0,0,0,11864.0,11887.0,11668.0,11708.0,11914.0,11935.0,11763.0,11780.0,11808.0,11837.0,12080.0,12115.0,11829.0,11850.0,12121.0,12147.0,11599.0,11624.0,59.606,141150.351,11619.0,11650.0,6500000.0,6600000.0,12017.0,12051.0,,,,
49,dfs-reg-suite,2,128,12,6500000,6600000,6500000,6600000,6500000,6600000,6500000,6600000,6500000.0,6600000.0,6500000.0,6600000.0,6500000.0,6600000.0,6500000.0,6600000.0,6500000.0,6600000.0,6500000.0,6600000.0,0,0,31880.0,34903.0,31127.0,34251.0,31589.0,35267.0,31851.0,35339.0,31951.0,33812.0,32110.0,33888.0,31446.0,34084.0,31384.0,34557.0,31209.0,34382.0,438.901,414310.48099999997,,,,,,,,,,
50,dfs-reg-suite,2,64,12,6500000,6600000,6500000,6600000,6500000,6600000,6500000,6600000,6500000.0,7200000.0,5900000.0,6600000.0,6500000.0,6600000.0,6500000.0,6600000.0,6500000.0,6900000.0,6200000.0,6600000.0,0,0,47657.0,49295.0,48294.0,50911.0,46578.0,49278.0,47984.0,50601.0,46897.0,49030.0,48235.0,48993.0,46700.0,49104.0,46521.0,50045.0,47769.0,50739.0,326.594,598959.5430000001,,,,,,,,,,
51,dfs-reg-suite,1,512,12,5800000,6800000,6300000,7200000,5900000,13100000,5900000,7200000,5900000.0,7200000.0,5900000.0,13100000.0,5900000.0,7200000.0,5900000.0,7200000.0,5900000.0,7200000.0,5900000.0,6600000.0,0,0,54241.0,76891.0,51290.0,65144.00000000001,90680.0,110477.0,80339.0,118585.0,79214.0,117980.0,82022.0,95577.0,68195.0,113297.0,72894.0,94742.0,79480.0,113588.0,17219.605000000003,1076555.871,,,,,,,,,,
52,dfs-reg-suite,1,256,12,6500000,6600000,6500000,6600000,6500000,6600000,6500000,6600000,6500000.0,6600000.0,6500000.0,7200000.0,6000000.0,6700000.0,6300000.0,6600000.0,6500000.0,6600000.0,6500000.0,6600000.0,0,0,23823.0,26030.0,24310.0,27057.0,22944.0,28239.0,23084.0,25680.0,23057.0,25456.0,26257.0,34088.0,27585.0,32698.0,33009.0,39415.0,26183.0,35854.0,30143.84,380842.152,,,,,,,,,,
53,dfs-reg-suite,1,128,12,6500000,6600000,6500000,6600000,6500000,6600000,6500000,6600000,6500000.0,6600000.0,6500000.0,6600000.0,6500000.0,6600000.0,6500000.0,6600000.0,6500000.0,6600000.0,6500000.0,6600000.0,0,0,33100.0,34641.0,32644.0,34451.0,31364.0,34730.0,33174.0,35859.0,32356.0,36347.0,32490.000000000004,34324.0,31402.0,34310.0,32589.0,34233.0,32509.0,34377.0,442.268,419653.162,,,,,,,,,,
54,network-suite-1hopsim,3,256,12,6500000,6600000,6500000,6600000,6500000,6600000,6500000,6600000,6500000.0,6600000.0,6500000.0,6600000.0,6500000.0,6600000.0,6500000.0,6600000.0,6500000.0,6600000.0,6500000.0,6600000.0,0,0,27957.0,46551.0,33951.0,52580.0,25025.0,40956.0,25004.0,39588.0,24538.0,40324.0,36934.0,53994.0,29576.0,45387.0,31645.0,49073.0,29792.0,47533.0,3.0149999999999997,561128.3929999999,31051.0,46470.0,6500000.0,6600000.0,33422.0,50222.0,,,,
55,network-suite-1hopsim,3,128,12,6500000,6600000,6500000,6600000,6500000,6600000,6500000,6600000,6500000.0,6600000.0,6500000.0,6600000.0,6500000.0,6600000.0,6500000.0,6600000.0,6500000.0,6600000.0,6500000.0,6600000.0,0,0,18088.0,34629.0,22691.0,36901.0,17929.0,35276.0,26992.0,41348.0,23639.0,38133.0,24045.0,35705.0,27197.0,44831.0,26303.0,38571.0,28428.0,46582.0,3.2950000000000004,478220.442,21195.0,37792.0,6500000.0,6600000.0,29494.0,37984.0,,,,
56,network-suite-1hopsim,3,32,12,6500000,6600000,6500000,6600000,6500000,6600000,6500000,6600000,6500000.0,6600000.0,6500000.0,6600000.0,6500000.0,6600000.0,6500000.0,6600000.0,6500000.0,6600000.0,6500000.0,6600000.0,0,0,10529.0,12085.0,10267.0,12139.0,9964.0,12096.0,12571.0,19093.0,14374.0,16222.000000000002,9931.0,12278.0,10295.0,12110.0,10252.0,12513.0,10324.0,12262.0,1.199,168456.714,10093.0,12184.0,6500000.0,6600000.0,10031.0,12373.0,,,,
57,network-suite-1hopsim,3,16,12,6500000,6600000,6500000,6600000,6500000,6600000,6500000,6600000,6500000.0,6600000.0,6500000.0,6600000.0,6500000.0,6600000.0,6500000.0,6600000.0,6500000.0,6600000.0,6500000.0,6600000.0,0,0,9481.0,10554.0,8042.0,10635.0,9314.0,10553.0,8937.0,10506.0,9108.0,10362.0,9578.0,10507.0,8444.0,10871.0,9201.0,10375.0,9490.0,10742.0,0.795,126224.47499999999,9953.0,10695.0,6500000.0,6600000.0,8790.0,11034.0,,,,
58,network-suite-1hopsim,3,64,12,6500000,6600000,6500000,6600000,6500000,6600000,6500000,6600000,6500000.0,6600000.0,6500000.0,6600000.0,6500000.0,6600000.0,6500000.0,6600000.0,6500000.0,6600000.0,6500000.0,6600000.0,0,0,14965.0,33503.0,21662.0,31570.0,21247.0,28089.0,16114.0,24130.0,20623.0,30664.0,19076.0,25974.0,15627.0,23218.0,16116.0,24055.0,19173.0,27576.0,1.258,340758.4,16328.0,22661.0,6500000.0,6600000.0,20471.0,32396.0,,,,
59,network-suite-1hopsim,1,64,12,6500000,6600000,6500000,6600000,6500000,6600000,6500000,6600000,6500000.0,6600000.0,6500000.0,6600000.0,6500000.0,6600000.0,6500000.0,6600000.0,6500000.0,6600000.0,6500000.0,6600000.0,0,0,23116.0,33198.0,15412.0,33705.0,21171.0,32386.000000000004,16136.0,25279.0,17756.0,26710.0,19360.0,29223.0,21891.0,28509.0,20592.0,32579.0,15360.0,23970.0,1.555,356515.717,18392.0,32150.0,6500000.0,6600000.0,17119.0,27123.0,,,,
60,network-suite-1hopsim,2,32,12,6500000,6600000,6500000,6600000,6500000,6600000,6500000,6600000,6500000.0,6600000.0,6500000.0,6600000.0,6500000.0,6600000.0,6500000.0,6600000.0,6500000.0,6600000.0,6500000.0,6600000.0,0,0,14293.0,17589.0,10019.0,12671.0,9983.0,12279.0,10213.0,12378.0,10133.0,12269.0,10122.0,12319.0,10245.0,12452.0,10297.0,12448.0,10258.0,12552.0,0.868,164394.329,10336.0,12222.0,6500000.0,6600000.0,10511.0,12282.0,,,,
61,network-suite-1hopsim,2,256,12,6500000,6600000,6500000,6600000,6500000,6600000,6500000,6600000,6500000.0,6600000.0,6500000.0,6600000.0,6500000.0,6600000.0,6500000.0,6600000.0,6500000.0,6600000.0,6500000.0,6600000.0,0,0,25822.0,40131.0,34902.0,46123.0,31075.0,51070.0,37970.0,64364.99999999999,30867.0,44431.0,31838.0,50537.0,33691.0,48611.0,29917.0,48570.0,28976.0,41857.0,2.733,579446.725,23375.0,43242.0,6500000.0,6600000.0,35958.0,46994.0,,,,
62,network-suite-1hopsim,2,16,12,6500000,6600000,6500000,6600000,6500000,6600000,6500000,6600000,6500000.0,6600000.0,6500000.0,6600000.0,6500000.0,6600000.0,6500000.0,6600000.0,6500000.0,6600000.0,6500000.0,6600000.0,0,0,8376.0,10433.0,8655.0,10666.0,8232.0,10641.0,8118.0,10476.0,9212.0,10493.0,8463.0,10646.0,8228.0,10591.0,9137.0,10588.0,8601.0,10288.0,0.954,125381.163,8793.0,10545.0,6500000.0,6600000.0,,,,,,
63,network-suite-1hopsim,1,32,12,6500000,6600000,6500000,6600000,6500000,6600000,6500000,6600000,6500000.0,6600000.0,6500000.0,6600000.0,6500000.0,6600000.0,6500000.0,6600000.0,6500000.0,6600000.0,6500000.0,6600000.0,0,0,10072.0,12349.0,10175.0,12537.0,10074.0,13648.0,10212.0,12435.0,10170.0,12313.0,10017.0,12504.0,9855.0,12638.0,9985.0,12437.0,10150.0,12311.0,0.737,155528.56900000002,9868.0,12298.0,6500000.0,6600000.0,10271.0,12424.0,,,,
64,network-suite-1hopsim,1,16,12,6500000,6600000,6500000,6600000,6500000,6600000,6500000,6600000,6500000.0,6600000.0,6500000.0,6600000.0,6500000.0,6600000.0,6500000.0,6600000.0,6500000.0,6600000.0,6500000.0,6600000.0,0,0,8394.0,10179.0,8231.0,9976.0,8529.0,10057.0,8134.0,10026.0,8170.0,10050.0,8600.0,10069.0,7757.0,10129.0,7965.0,10069.0,8000.999999999999,10011.0,0.5559999999999999,120330.263,7890.0,10190.0,6500000.0,6600000.0,,,,,,
65,network-suite-1hopsim,2,128,12,6500000,6600000,6500000,6600000,6500000,6600000,6500000,6600000,6500000.0,6600000.0,6500000.0,6600000.0,6500000.0,6600000.0,6500000.0,6600000.0,6500000.0,6600000.0,6500000.0,6600000.0,0,0,26792.0,47153.0,25494.0,39456.0,30158.0,43841.0,22750.0,34371.0,26621.0,36457.0,21941.0,32715.000000000004,25142.0,36448.0,22098.0,41160.0,18353.0,29903.0,1.0679999999999998,474745.022,31046.0,45669.0,6500000.0,6600000.0,28202.0,43087.0,,,,
66,network-suite-1hopsim,2,64,12,6500000,6600000,6500000,6600000,6500000,6600000,6500000,6600000,6500000.0,6600000.0,6500000.0,6600000.0,6500000.0,6600000.0,6500000.0,6600000.0,6500000.0,6600000.0,6500000.0,6600000.0,0,0,16116.0,27341.0,13774.0,29364.0,21995.0,33056.0,14853.0,28443.0,14882.0,22801.0,18200.0,30719.0,19601.0,25431.0,18137.0,27448.0,18657.0,31720.0,3.1830000000000003,329214.511,15373.0,25924.0,6500000.0,6600000.0,13843.0,19803.0,,,,
67,network-suite-1hopsim,1,256,12,6500000,6600000,6500000,6600000,6500000,6600000,6500000,6600000,6500000.0,6600000.0,6500000.0,6600000.0,6500000.0,6600000.0,6500000.0,6600000.0,6500000.0,6600000.0,6500000.0,6600000.0,0,0,25226.0,35554.0,25763.0,67272.0,43948.0,56613.0,28603.0,47726.0,32235.0,41086.0,36215.0,48117.0,33769.0,46069.0,26934.0,40884.0,29608.0,41384.0,4.579,556785.314,29032.0,42562.0,6500000.0,6600000.0,29370.0,43300.0,,,,
68,network-suite-1hopsim,1,128,12,6500000,6600000,6500000,6600000,6500000,6600000,6500000,6600000,6500000.0,6600000.0,6500000.0,6600000.0,6500000.0,6600000.0,6500000.0,6600000.0,6500000.0,6600000.0,6500000.0,6600000.0,0,0,24693.0,40658.0,27402.0,39601.0,22025.0,36439.0,25960.0,34885.0,21675.0,28687.0,29849.0,45040.0,19279.0,30984.0,19590.0,37562.0,24134.0,35947.0,2.15,458096.363,22642.0,39777.0,6500000.0,6600000.0,33668.0,46206.0,,,,
69,dfs-seq-suite,3,256,12,6500000,6600000,6500000,6600000,6500000,6600000,6500000,6600000,6500000.0,6700000.0,6300000.0,6600000.0,6500000.0,6600000.0,6500000.0,6600000.0,6500000.0,6600000.0,6500000.0,6600000.0,0,0,22449.0,25651.0,22842.0,25987.0,21901.0,26202.0,36927.0,45654.0,60996.0,72946.0,42336.0,50432.0,50664.0,60566.0,41269.0,48242.0,39712.0,49989.0,52053.255,535572.8779999999,,,,,,,,,,
70,dfs-seq-suite,3,512,12,6500000,6600000,6500000,6600000,6500000,6600000,6500000,6600000,6500000.0,13100000.0,6500000.0,6800000.0,6300000.0,6800000.0,6300000.0,6600000.0,6500000.0,6600000.0,6500000.0,6600000.0,0,0,86174.0,135319.0,62317.0,97143.0,52370.0,114928.0,78029.0,143589.0,72486.0,113554.0,69476.0,128166.0,79386.0,129315.0,81037.0,115930.0,72971.0,126487.0,52118.452,1298840.434,,,,,,,,,,
71,dfs-seq-suite,3,128,12,6500000,6600000,6500000,6600000,6500000,6600000,6500000,6600000,6500000.0,6600000.0,6500000.0,6600000.0,6500000.0,6600000.0,6500000.0,6600000.0,6500000.0,6600000.0,6500000.0,6600000.0,0,0,31569.0,36080.0,31906.0,34281.0,30705.0,34208.0,32737.000000000004,34559.0,32452.0,33971.0,30843.0,34668.0,31930.0,33876.0,31755.0,34312.0,30051.0,33729.0,391.727,415323.191,,,,,,,,,,
72,dfs-seq-suite,2,512,12,6500000,6600000,6500000,6600000,6500000,6700000,6400000,6600000,6500000.0,6600000.0,6500000.0,6600000.0,6500000.0,13100000.0,6400000.0,6600000.0,6500000.0,6700000.0,6400000.0,6600000.0,0,0,41855.0,48199.0,61529.0,102931.0,78758.0,178890.0,77532.0,118949.0,69150.0,127564.0,83388.0,114222.0,67160.0,135442.0,82408.0,101721.0,72375.0,134649.0,92238.203,1310028.5699999998,,,,,,,,,,
73,dfs-seq-suite,3,32,12,6500000,6600000,6500000,6600000,6500000,6600000,6500000,6600000,6500000.0,6600000.0,6500000.0,6600000.0,6500000.0,6600000.0,6500000.0,6600000.0,6500000.0,6600000.0,6500000.0,6600000.0,0,0,74933.0,75380.0,75560.0,75825.0,74326.0,74648.0,76556.0,76623.0,77638.0,78140.0,74729.0,75244.0,74924.0,75546.0,77247.0,77889.0,74198.0,74325.0,83.615,917501.751,,,,,,,,,,
74,dfs-seq-suite,3,16,12,6500000,6600000,6500000,6600000,6500000,6600000,6500000,6600000,6500000.0,6600000.0,6500000.0,6600000.0,6500000.0,6600000.0,6500000.0,6600000.0,6500000.0,6600000.0,6500000.0,6600000.0,0,0,11296.0,11313.0,11246.0,11263.0,11485.0,11504.0,11522.0,11545.0,11278.0,11305.0,11663.0,11693.0,11495.0,11517.0,11435.0,11451.0,11451.0,11472.0,61.002,136284.09,11459.0,11491.0,6500000.0,6600000.0,11442.0,11458.0,,,,
75,dfs-seq-suite,3,64,12,6500000,6600000,6500000,6600000,6500000,6600000,6500000,6600000,6500000.0,6600000.0,6500000.0,6600000.0,6500000.0,6600000.0,6500000.0,6600000.0,6500000.0,6600000.0,6500000.0,6600000.0,0,0,46720.0,50279.0,43248.0,49940.0,46112.0,49352.0,46683.0,50729.0,45932.0,50939.0,43553.0,49186.0,45432.0,49685.0,50143.0,51473.0,47539.0,49660.0,197.366,603608.2609999999,,,,,,,,,,
76,dfs-seq-suite,1,64,12,6500000,6600000,6500000,6600000,6500000,6600000,6500000,6600000,6500000.0,6600000.0,6500000.0,6600000.0,6500000.0,6600000.0,6500000.0,6600000.0,6500000.0,6600000.0,6500000.0,6600000.0,0,0,49289.0,50392.0,50202.0,52767.0,50198.0,53470.0,48470.0,51864.0,50363.0,53750.0,47487.0,51001.0,48904.0,51403.0,46596.0,50265.0,47465.0,50306.0,158.132,619279.288,,,,,,,,,,
77,dfs-seq-suite,2,32,12,6500000,6600000,6500000,6600000,6500000,6600000,6500000,6600000,6500000.0,6600000.0,6500000.0,6600000.0,6500000.0,6600000.0,6500000.0,6600000.0,6500000.0,6600000.0,6500000.0,6600000.0,0,0,77180.0,77386.0,73882.0,74629.0,78589.0,78827.0,74929.0,76298.0,76650.0,77478.0,73022.0,73846.0,75720.0,77621.0,73633.0,73890.0,77323.0,78140.0,76.517,913283.146,,,,,,,,,,
78,dfs-seq-suite,2,256,12,6500000,6600000,6500000,6600000,6500000,6600000,6500000,6600000,6500000.0,6600000.0,6500000.0,13100000.0,6500000.0,6600000.0,6500000.0,6600000.0,6500000.0,6600000.0,6500000.0,6600000.0,0,0,23786.0,25957.0,23293.0,25941.0,26476.0,33447.0,44483.0,58657.0,50240.0,65596.0,22884.0,25460.0,53764.0,66427.0,44806.0,56241.0,23073.0,30474.0,27366.242,495132.359,,,,,,,,,,
79,dfs-seq-suite,2,16,12,6500000,6600000,6500000,6600000,6500000,6600000,6500000,6600000,6500000.0,6600000.0,6500000.0,6600000.0,6500000.0,6600000.0,6500000.0,6600000.0,6500000.0,6600000.0,6500000.0,6600000.0,0,0,11282.0,11289.0,11508.0,11529.0,11259.0,11288.0,11390.0,11402.0,11242.0,11269.0,11327.0,11341.0,11297.0,11320.0,11226.0,11238.0,11148.0,11184.0,59.5,135492.692,11771.0,11784.0,6500000.0,6600000.0,11719.0,11735.0,,,,
80,dfs-seq-suite,1,32,12,6500000,6600000,6500000,6600000,6500000,6600000,6500000,6600000,6500000.0,6600000.0,6500000.0,6600000.0,6500000.0,6600000.0,6500000.0,6600000.0,6500000.0,6600000.0,6500000.0,6600000.0,0,0,75276.0,76854.0,73899.0,74682.0,71942.0,72331.0,75259.0,75747.0,76591.0,77945.0,72552.0,72787.0,77737.0,78314.0,72472.0,73135.0,74459.0,74881.0,81.755,903197.295,,,,,,,,,,
81,dfs-seq-suite,1,16,12,6500000,6600000,6500000,6600000,6500000,6600000,6500000,6600000,6500000.0,6600000.0,6500000.0,6600000.0,6500000.0,6600000.0,6500000.0,6600000.0,6500000.0,6600000.0,6500000.0,6600000.0,0,0,10915.0,10927.0,11041.0,11064.0,10946.0,10959.0,10732.0,10770.0,10988.0,11001.0,10937.0,10953.0,10934.0,10941.0,10816.0,10827.0,11008.0,11024.0,55.398,130552.371,10860.0,10879.0,6500000.0,6600000.0,11322.0,11342.0,,,,
82,dfs-seq-suite,2,128,12,6500000,6600000,6500000,6600000,6500000,6600000,6500000,6600000,6500000.0,6600000.0,6500000.0,6600000.0,6500000.0,6600000.0,6500000.0,6600000.0,6500000.0,6600000.0,6500000.0,6600000.0,0,0,32195.999999999996,33790.0,31617.0,34589.0,28850.0,35355.0,31824.0,35545.0,30098.0,35623.0,28979.0,34433.0,30165.0,33614.0,30094.0,35062.0,26476.0,35478.0,337.402,416434.85500000004,,,,,,,,,,
83,dfs-seq-suite,2,64,12,6500000,6600000,6500000,6600000,6500000,6600000,6500000,6600000,6500000.0,6600000.0,6500000.0,6600000.0,6500000.0,6600000.0,6500000.0,6600000.0,6500000.0,6600000.0,6500000.0,6600000.0,0,0,45434.0,48113.0,46169.0,47906.0,45095.0,49908.0,44132.0,49820.0,46851.0,49433.0,44754.0,51152.0,45518.0,50218.0,45963.0,50871.0,47860.0,50077.0,176.05599999999998,594746.509,,,,,,,,,,
84,dfs-seq-suite,1,512,12,6500000,6600000,6500000,6800000,6300000,6600000,6500000,6600000,6500000.0,6600000.0,6500000.0,6600000.0,6500000.0,7000000.0,6100000.0,6600000.0,6500000.0,6600000.0,6500000.0,6600000.0,0,0,54300.0,91558.0,49119.0,114603.0,59723.0,121316.0,69012.0,144207.0,70697.0,127660.0,84790.0,118697.0,59609.0,127356.0,77079.0,114452.0,66512.0,126016.0,48921.518,1307933.277,,,,,,,,,,
85,dfs-seq-suite,1,256,12,6500000,6600000,6500000,6600000,6500000,6600000,6500000,6600000,6500000.0,6600000.0,6500000.0,6600000.0,6500000.0,6600000.0,6500000.0,6600000.0,6500000.0,6600000.0,6500000.0,6600000.0,0,0,22233.0,26016.0,22371.0,24781.0,29813.0,36870.0,34825.0,43244.0,31734.0,39488.0,30550.0,37155.0,42701.0,47564.0,31966.0,37628.0,40974.0,46666.0,12886.677000000001,429843.17600000004,,,,,,,,,,
86,dfs-seq-suite,1,128,12,6500000,6600000,6500000,6600000,6500000,6600000,6500000,6600000,6500000.0,6600000.0,6500000.0,6600000.0,6500000.0,6600000.0,6500000.0,6600000.0,6500000.0,6600000.0,6500000.0,6600000.0,0,0,30560.0,35495.0,31980.0,35358.0,32299.0,33975.0,32119.0,34869.0,31028.0,34521.0,31982.0,34225.0,32500.999999999996,34898.0,32131.999999999996,37428.0,31004.0,34956.0,448.303,420923.147,,,,,,,,,,
87,network-suite-bigrpc,3,256,12,6500000,6600000,6500000,6600000,6500000,6600000,6500000,6600000,6500000.0,6600000.0,6500000.0,6600000.0,6500000.0,6600000.0,6500000.0,6600000.0,6500000.0,6600000.0,6500000.0,6600000.0,0,0,18466.0,21605.0,20048.0,23391.0,18939.0,23203.0,17841.0,22613.0,17851.0,21380.0,18161.0,22765.0,18342.0,21682.0,18326.0,22540.0,18763.0,22540.0,2.543,270346.462,,,,,,,,,,
88,network-suite-bigrpc,3,512,12,6500000,6600000,6500000,6600000,6500000,6600000,6500000,6600000,,,,,,,,,,,,,0,0,,,,,,,,,,,17721.0,21740.0,17955.0,21699.0,18758.0,21740.0,18564.0,21749.0,3.068,265494.089,,,,,,,,,,
89,network-suite-bigrpc,3,128,12,6500000,6600000,6500000,6600000,6500000,6600000,6500000,6600000,6500000.0,6600000.0,6500000.0,6600000.0,6500000.0,6600000.0,6500000.0,6600000.0,6500000.0,6600000.0,6500000.0,6600000.0,0,0,26317.0,28534.0,27000.0,29769.0,25663.0,28430.0,25476.0,30769.0,24966.0,29984.0,26906.0,30410.0,24343.0,29049.0,26053.0,30743.0,26741.0,30422.0,2.6,357644.112,,,,,,,,,,
90,network-suite-bigrpc,2,512,12,6500000,6600000,6500000,6600000,6500000,6600000,6500000,6600000,6500000.0,6600000.0,6500000.0,6600000.0,6500000.0,6600000.0,6500000.0,6600000.0,6500000.0,6600000.0,6500000.0,6600000.0,0,0,18297.0,22432.0,18345.0,21551.0,18285.0,21299.0,17229.0,21071.0,18568.0,21903.0,17625.0,21529.0,17701.0,21676.0,17898.0,21806.0,17584.0,23672.0,2.637,262563.46,,,,,,,,,,
91,network-suite-bigrpc,3,32,12,6500000,6600000,6500000,6600000,6500000,6600000,6500000,6600000,6500000.0,6600000.0,6500000.0,6600000.0,6500000.0,6600000.0,6500000.0,6600000.0,6500000.0,6600000.0,6500000.0,6600000.0,0,0,66816.0,67461.0,68151.0,68573.0,68776.0,69096.0,74015.0,74332.0,68611.0,69098.0,68784.0,69249.0,68260.0,68344.0,72027.0,72115.0,69368.0,71710.0,0.6859999999999999,836412.812,,,,,,,,,,
92,network-suite-bigrpc,3,16,12,6500000,6600000,6500000,6600000,6500000,6600000,6500000,6600000,6500000.0,6600000.0,6500000.0,6600000.0,6500000.0,6600000.0,6500000.0,6600000.0,6500000.0,6600000.0,6500000.0,6600000.0,0,0,10037.0,10076.0,9997.0,10011.0,9997.0,10015.0,9987.0,9992.0,10011.0,10027.0,10005.0,10015.0,10091.0,10101.0,10022.0,10036.0,10130.0,10146.0,0.695,120814.60800000001,10181.0,10192.0,6500000.0,6600000.0,10727.0,10741.0,,,,
93,network-suite-bigrpc,3,64,12,6500000,6600000,6500000,6600000,6500000,6600000,6500000,6600000,6500000.0,6600000.0,6500000.0,6600000.0,6500000.0,6600000.0,6500000.0,6600000.0,6500000.0,6600000.0,6500000.0,6600000.0,0,0,40658.0,44768.0,39404.0,43614.0,41151.0,43928.0,39031.0,42529.0,40192.0,43243.0,42710.0,44137.0,41571.0,44195.0,40234.0,45540.0,43223.0,45278.0,0.653,527576.667,,,,,,,,,,
94,network-suite-bigrpc,1,64,12,6500000,6600000,6500000,6600000,6500000,6600000,6500000,6600000,6500000.0,6600000.0,6500000.0,6600000.0,6500000.0,6600000.0,6500000.0,6600000.0,6500000.0,6600000.0,6500000.0,6600000.0,0,0,40879.0,42279.0,37902.0,42176.0,38855.0,43775.0,41394.0,43143.0,43115.0,44949.0,37703.0,43408.0,41476.0,42308.0,39615.0,41627.0,41188.0,43411.0,1.891,524079.77400000003,,,,,,,,,,
95,network-suite-bigrpc,2,32,12,6500000,6600000,6500000,6600000,6500000,6600000,6500000,6600000,6500000.0,6600000.0,6500000.0,6600000.0,6500000.0,6600000.0,6500000.0,6600000.0,6500000.0,6600000.0,6500000.0,6600000.0,0,0,63929.0,64504.00000000001,66674.0,67445.0,69276.0,69667.0,66735.0,67488.0,64613.0,65572.0,65274.0,65650.0,65074.0,65248.00000000001,64658.0,65369.0,65351.0,66148.0,1.814,799887.1020000001,,,,,,,,,,
96,network-suite-bigrpc,2,256,12,6500000,6600000,6500000,6600000,6500000,6600000,6500000,6600000,6500000.0,6600000.0,6500000.0,6600000.0,6500000.0,6600000.0,6500000.0,6600000.0,6500000.0,6600000.0,6500000.0,6600000.0,0,0,18544.0,22924.0,18016.0,21431.0,17643.0,21727.0,17916.0,22609.0,17839.0,21285.0,17459.0,23031.0,18628.0,21083.0,18271.0,22001.0,18486.0,22351.0,2.16,267174.05000000005,,,,,,,,,,
97,network-suite-bigrpc,2,16,12,6500000,6600000,6500000,6600000,6500000,6600000,6500000,6600000,6500000.0,6600000.0,6500000.0,6600000.0,6500000.0,6600000.0,6500000.0,6600000.0,6500000.0,6600000.0,6500000.0,6600000.0,0,0,9928.0,9943.0,10060.0,10065.0,9884.0,9903.0,10105.0,10128.0,10007.0,10011.0,10041.0,10045.0,10094.0,10102.0,10040.0,10045.0,10056.0,10074.0,1.712,120861.424,10101.0,10122.0,6500000.0,6600000.0,10770.0,10784.0,,,,
98,network-suite-bigrpc,1,32,12,6500000,6600000,6500000,6600000,6500000,6600000,6500000,6600000,6500000.0,6600000.0,6500000.0,6600000.0,6500000.0,6600000.0,6500000.0,6600000.0,6500000.0,6600000.0,6500000.0,6600000.0,0,0,72815.0,73264.0,69455.0,69563.0,68485.0,68990.0,67517.0,67740.0,67541.0,67645.0,66282.0,67015.0,66756.0,67256.0,65078.99999999999,65322.99999999999,66815.0,66982.0,2.555,827537.535,,,,,,,,,,
99,network-suite-bigrpc,1,16,12,6500000,6600000,6500000,6600000,6500000,6600000,6500000,6600000,6500000.0,6600000.0,6500000.0,6600000.0,6500000.0,6600000.0,6500000.0,6600000.0,6500000.0,6600000.0,6500000.0,6600000.0,0,0,9985.0,9989.0,10048.0,10052.0,10060.0,10063.0,10024.0,10045.0,9975.0,9976.0,10102.0,10113.0,10168.0,10182.0,10234.0,10253.0,10085.0,10089.0,2.5820000000000003,120631.148,9967.0,9979.0,6500000.0,6600000.0,10610.0,10627.0,,,,
100,network-suite-bigrpc,2,128,12,6500000,6600000,6500000,6600000,6500000,6600000,6500000,6600000,6500000.0,6600000.0,6500000.0,6600000.0,6500000.0,6600000.0,6500000.0,6600000.0,6500000.0,6600000.0,6500000.0,6600000.0,0,0,27035.0,30529.0,24582.0,28591.0,26593.0,30502.0,26528.0,29188.0,27633.0,30700.0,26871.0,29866.0,27033.0,29854.0,27375.0,31319.0,25227.0,30464.0,2.539,365988.155,,,,,,,,,,
101,network-suite-bigrpc,2,64,12,6500000,6600000,6500000,6600000,6500000,6600000,6500000,6600000,6500000.0,6600000.0,6500000.0,6600000.0,6500000.0,6600000.0,6500000.0,6600000.0,6500000.0,6600000.0,6500000.0,6600000.0,0,0,43493.0,45651.0,40492.0,46184.0,40777.0,46807.0,40984.0,44448.0,44168.0,48755.0,38887.0,45702.0,39228.0,44331.0,39428.0,45317.0,41639.0,45419.0,1.655,548876.527,,,,,,,,,,
102,network-suite-bigrpc,1,512,12,6500000,6600000,6500000,6600000,6500000,6600000,6500000,6600000,6500000.0,6600000.0,6500000.0,6600000.0,6500000.0,6600000.0,6500000.0,6600000.0,6500000.0,6600000.0,6500000.0,6600000.0,0,0,17968.0,22515.0,18266.0,21309.0,17017.0,22983.0,18630.0,22486.0,18322.0,21770.0,17830.0,22418.0,18667.0,22311.0,19113.0,22045.0,18362.0,21029.0,2.709,265717.14400000003,,,,,,,,,,
103,network-suite-bigrpc,1,256,12,6500000,6600000,6500000,6600000,6500000,6600000,6500000,6600000,6500000.0,6600000.0,6500000.0,6600000.0,6500000.0,6600000.0,6500000.0,6600000.0,6500000.0,6600000.0,6500000.0,6600000.0,0,0,18908.0,22684.0,17501.0,21512.0,17907.0,21710.0,17761.0,21717.0,18130.0,21638.0,18012.0,22479.0,17743.0,22001.0,18348.0,20767.0,17981.0,22832.0,3.65,263591.59599999996,,,,,,,,,,
104,network-suite-bigrpc,1,128,12,6500000,6600000,6500000,6600000,6500000,6600000,6500000,6600000,6500000.0,6600000.0,6500000.0,6600000.0,6500000.0,6600000.0,6500000.0,6600000.0,6500000.0,6600000.0,6500000.0,6600000.0,0,0,27214.0,32331.000000000004,26813.0,31588.0,26149.0,28700.0,27404.0,30124.0,26552.0,31391.0,24925.0,33360.0,27590.0,31837.0,26042.0,31048.0,26152.0,30713.0,1.897,371297.561,,,,,,,,,,
105,dfs-ioonly,3,256,12,6500000,6500000,6500000,6500000,6500000,6500000,6500000,6500000,6500000.0,6500000.0,6500000.0,6500000.0,6500000.0,6500000.0,6500000.0,6500000.0,6500000.0,6500000.0,6500000.0,6500000.0,0,0,2339.0,23652.0,2462.0,24129.0,2374.0,24610.0,2466.0,23892.0,2434.0,24510.0,2436.0,24221.0,2513.0,24267.0,2403.0,24628.0,2489.0,40787.0,23814.197,317673.423,2324.0,27345.0,6500000.0,6500000.0,2465.0,15602.0,6500000.0,6500000.0,1924.0,16215.0
106,dfs-ioonly,3,512,12,6500000,6500000,6500000,6500000,6500000,6500000,6500000,6500000,6500000.0,6500000.0,6500000.0,6500000.0,6500000.0,6500000.0,6500000.0,6500000.0,6500000.0,6500000.0,6500000.0,6500000.0,0,0,2389.0,48158.0,2317.0,48514.0,2405.0,91002.0,2435.0,105560.0,2440.0,104009.0,2390.0,102638.0,2389.0,103433.0,2431.0,103279.0,2446.0,102711.0,36340.017,971804.395,2408.0,48451.0,6500000.0,6500000.0,2308.0,42287.0,6500000.0,6500000.0,4811.0,35422.0
107,dfs-ioonly,3,128,12,6500000,6500000,6500000,6500000,6500000,6500000,6500000,6500000,6500000.0,6500000.0,6500000.0,6500000.0,6500000.0,6500000.0,6500000.0,6500000.0,6500000.0,6500000.0,6500000.0,6500000.0,0,0,2454.0,11707.0,2457.0,11562.0,2370.0,11642.0,2487.0,11310.0,2468.0,11593.0,2490.0,11686.0,2419.0,11660.0,2485.0,11712.0,2484.0,11950.0,8724.880000000001,135211.127,2434.0,11496.0,6500000.0,6500000.0,2515.0,3900.0,6500000.0,6500000.0,2015.0000000000002,6268.0
108,dfs-ioonly,2,512,12,6500000,6500000,6500000,6500000,6500000,6500000,6500000,6500000,6500000.0,6500000.0,6500000.0,6500000.0,6500000.0,6500000.0,6500000.0,6500000.0,6500000.0,6500000.0,6500000.0,6500000.0,0,0,2358.0,51125.0,2412.0,77458.0,2355.0,106474.0,2379.0,105403.0,2407.0,105772.0,2385.0,107352.0,2422.0,109179.0,2444.0,106629.0,2370.0,107879.0,26899.362,1025235.5549999999,2394.0,44530.0,6500000.0,6500000.0,2400.0,41830.0,6500000.0,6500000.0,1697.0,34707.0
109,dfs-ioonly,3,32,12,6500000,6500000,6500000,6500000,6500000,6500000,6500000,6500000,6500000.0,6500000.0,6500000.0,6500000.0,6500000.0,6500000.0,6500000.0,6500000.0,6500000.0,6500000.0,6500000.0,6500000.0,0,0,2545.0,3837.0,2490.0,5160.0,2579.0,5108.0,2595.0,4885.0,2514.0,4818.0,2632.0,4435.0,2515.0,4088.0,2520.0,4963.0,2555.0,4368.0,162.81,53665.915,2495.0,5054.0,6500000.0,6500000.0,2534.0,3851.0,6500000.0,6500000.0,2029.0,2934.0
110,dfs-ioonly,3,16,12,6500000,6500000,6500000,6500000,6500000,6500000,6500000,6500000,6500000.0,6500000.0,6500000.0,6500000.0,6500000.0,6500000.0,6500000.0,6500000.0,6500000.0,6500000.0,6500000.0,6500000.0,0,0,2621.0,3301.0,2485.0,3479.0,2583.0,4770.0,2580.0,4340.0,2512.0,4316.0,2626.0,3467.0,2680.0,3500.0,2687.0,3617.0,2599.0,5148.0,93.53,46080.703,2540.0,3233.0,6500000.0,6500000.0,2530.0,3811.0,6500000.0,6500000.0,1954.0,3005.0
111,dfs-ioonly,3,64,12,6500000,6500000,6500000,6500000,6500000,6500000,6500000,6500000,6500000.0,6500000.0,6500000.0,6500000.0,6500000.0,6500000.0,6500000.0,6500000.0,6500000.0,6500000.0,6500000.0,6500000.0,0,0,2408.0,4064.0,2462.0,4300.0,2561.0,4318.0,2444.0,5967.0,2484.0,5946.0,2466.0,6319.0,2451.0,5958.0,2431.0,6040.0,2405.0,5908.0,8691.449999999999,69198.003,2471.0,4248.0,6500000.0,6500000.0,2427.0,4187.0,6500000.0,6500000.0,1966.0,3251.0
112,dfs-ioonly,1,64,12,6500000,6500000,6500000,6500000,6500000,6500000,6500000,6500000,6500000.0,6500000.0,6500000.0,6500000.0,6500000.0,6500000.0,6500000.0,6500000.0,6500000.0,6500000.0,6500000.0,6500000.0,0,0,2391.0,4370.0,2467.0,4248.0,2521.0,4367.0,2405.0,4950.0,2515.0,6966.0,2475.0,6311.0,2496.0,5937.0,2471.0,5974.0,2477.0,6023.0,8355.364,69742.462,2470.0,4201.0,6500000.0,6500000.0,2461.0,4225.0,6500000.0,6500000.0,2013.0,3815.0
113,dfs-ioonly,2,32,12,6500000,6500000,6500000,6500000,6500000,6500000,6500000,6500000,6500000.0,6500000.0,6500000.0,6500000.0,6500000.0,6500000.0,6500000.0,6500000.0,6500000.0,6500000.0,6500000.0,6500000.0,0,0,2550.0,3897.0,2551.0,3938.0,2559.0,4473.0,2598.0,3944.0,2529.0,3747.0,2625.0,4262.0,2517.0,4093.0,2596.0,4059.9999999999995,2508.0,4287.0,182.727,48298.24,2498.0,3938.0,6500000.0,6500000.0,2487.0,4094.0000000000005,6500000.0,6500000.0,2130.0,3383.0
114,dfs-ioonly,2,256,12,6500000,6500000,6500000,6500000,6500000,6500000,6500000,6500000,6500000.0,6500000.0,6500000.0,6500000.0,6500000.0,6500000.0,6500000.0,6500000.0,6500000.0,6500000.0,6500000.0,6500000.0,0,0,2457.0,24304.0,2430.0,24531.0,2459.0,24356.0,2418.0,24163.0,2451.0,24266.0,2446.0,24269.0,2440.0,24405.0,2429.0,45768.0,2487.0,38685.0,26758.078999999998,340187.876,2417.0,25703.0,6500000.0,6500000.0,2415.0,19085.0,6500000.0,6500000.0,1935.0,13896.0
115,dfs-ioonly,2,16,12,6500000,6500000,6500000,6500000,6500000,6500000,6500000,6500000,6500000.0,6500000.0,6500000.0,6500000.0,6500000.0,6500000.0,6500000.0,6500000.0,6500000.0,6500000.0,6500000.0,6500000.0,0,0,2586.0,3821.0,2597.0,3797.0,2550.0,4069.0,2669.0,3901.0,2568.0,3953.0,2585.0,4439.0,2504.0,3638.0,2588.0,5024.0,2587.0,3631.0,98.27,46608.467,2589.0,3822.0,6500000.0,6500000.0,2584.0,3546.0,6500000.0,6500000.0,2045.0,2870.0
116,dfs-ioonly,1,32,12,6500000,6500000,6500000,6500000,6500000,6500000,6500000,6500000,6500000.0,6500000.0,6500000.0,6500000.0,6500000.0,6500000.0,6500000.0,6500000.0,6500000.0,6500000.0,6500000.0,6500000.0,0,0,2545.0,3840.0,2539.0,3963.0,2570.0,3836.0,2545.0,4207.0,2569.0,3918.0,2488.0,4521.0,2469.0,4231.0,2566.0,4078.9999999999995,2508.0,4750.0,117.018,48120.089,2488.0,3670.0,6500000.0,6500000.0,2511.0,4151.0,6500000.0,6500000.0,2013.9999999999998,2837.0
117,dfs-ioonly,1,16,12,6500000,6500000,6500000,6500000,6500000,6500000,6500000,6500000,6500000.0,6500000.0,6500000.0,6500000.0,6500000.0,6500000.0,6500000.0,6500000.0,6500000.0,6500000.0,6500000.0,6500000.0,0,0,2554.0,3349.0,2566.0,4347.0,2686.0,3900.0,2554.0,4002.0,2677.0,3561.0,2652.0,3512.0,2775.0,3283.0,2663.0,3147.0,2560.0,3723.0,84.47300000000001,43449.054,2533.0,3981.0,6500000.0,6500000.0,2618.0,3897.0,6500000.0,6500000.0,2029.0,2663.0
118,dfs-ioonly,2,128,12,6500000,6500000,6500000,6500000,6500000,6500000,6500000,6500000,6500000.0,6500000.0,6500000.0,6500000.0,6500000.0,6500000.0,6500000.0,6500000.0,6500000.0,6500000.0,6500000.0,6500000.0,0,0,2440.0,9922.0,2444.0,13116.0,2503.0,13167.0,2509.0,11592.0,2485.0,11540.0,2484.0,12001.0,2440.0,11215.0,2531.0,11768.0,2527.0,11699.0,8349.976,134723.711,2514.0,9240.0,6500000.0,6500000.0,2516.0,4952.0,6500000.0,6500000.0,1963.0,6162.0
119,dfs-ioonly,2,64,12,6500000,6500000,6500000,6500000,6500000,6500000,6500000,6500000,6500000.0,6500000.0,6500000.0,6500000.0,6500000.0,6500000.0,6500000.0,6500000.0,6500000.0,6500000.0,6500000.0,6500000.0,0,0,2442.0,4183.0,2440.0,4309.0,2537.0,4288.0,2488.0,5061.0,2496.0,6927.0,2493.0,6017.0,2519.0,5980.0,2537.0,6098.0,2560.0,6012.0,8241.548999999999,68882.425,2499.0,4227.0,6500000.0,6500000.0,2452.0,4161.0,6500000.0,6500000.0,1966.0,3377.0
120,dfs-ioonly,1,512,12,6500000,6500000,6500000,6500000,6500000,6500000,6500000,6500000,6500000.0,6500000.0,6500000.0,6500000.0,6500000.0,6500000.0,6500000.0,6500000.0,6500000.0,6500000.0,6500000.0,6500000.0,0,0,2375.0,79172.0,2372.0,115241.0,2390.0,104142.0,2396.0,100986.0,2422.0,101491.0,2413.0,101163.0,2408.0,103906.0,2457.0,104071.0,2459.0,103110.0,35356.252,1077818.181,2364.0,51477.0,6500000.0,6500000.0,2402.0,41539.0,6500000.0,6500000.0,5392.0,36163.0
121,dfs-ioonly,1,256,12,6500000,6500000,6500000,6500000,6500000,6500000,6500000,6500000,6500000.0,6500000.0,6500000.0,6500000.0,6500000.0,6500000.0,6500000.0,6500000.0,6500000.0,6500000.0,6500000.0,6500000.0,0,0,2471.0,24117.0,2426.0,24127.0,2474.0,24628.0,2458.0,24128.0,2363.0,24213.0,2449.0,23888.0,2414.0,24263.0,2447.0,24095.0,2411.0,24533.0,21701.722,298357.33800000005,2440.0,25910.0,6500000.0,6500000.0,2403.0,18863.0,6500000.0,6500000.0,1977.0,13893.0
122,dfs-ioonly,1,128,12,6500000,6500000,6500000,6500000,6500000,6500000,6500000,6500000,6500000.0,6500000.0,6500000.0,6500000.0,6500000.0,6500000.0,6500000.0,6500000.0,6500000.0,6500000.0,6500000.0,6500000.0,0,0,2447.0,11081.0,2403.0,11427.0,2493.0,12030.0,2458.0,11982.0,2477.0,11736.0,2491.0,11532.0,2501.0,11557.0,2511.0,11693.0,2515.0,11636.0,8528.62,135207.751,2410.0,9327.0,6500000.0,6500000.0,2464.0,5513.0,6500000.0,6500000.0,2020.0,7164.0
