,runtype,run,nranks,epcnt,intvl,pvtcnt,epoch1_wr_min,epoch1_wr_max,epoch2_wr_min,epoch2_wr_max,epoch3_wr_min,epoch3_wr_max,load_std,wr_dropped,epoch1_tmin,epoch1_tmax,epoch2_tmin,epoch2_tmax,epoch3_tmin,epoch3_tmax,max_fin_dura,total_io_time,epoch4_wr_min,epoch4_wr_max,epoch5_wr_min,epoch5_wr_max,epoch6_wr_min,epoch6_wr_max,epoch4_tmin,epoch4_tmax,epoch5_tmin,epoch5_tmax,epoch6_tmin,epoch6_tmax,epoch7_wr_min,epoch7_wr_max,epoch8_wr_min,epoch8_wr_max,epoch9_wr_min,epoch9_wr_max,epoch10_wr_min,epoch10_wr_max,epoch11_wr_min,epoch11_wr_max,epoch12_wr_min,epoch12_wr_max,epoch7_tmin,epoch7_tmax,epoch8_tmin,epoch8_tmax,epoch9_tmin,epoch9_tmax,epoch10_tmin,epoch10_tmax,epoch11_tmin,epoch11_tmax,epoch12_tmin,epoch12_tmax
0,carp-suite-intraepoch-nowrite,2,256,3,750000,2048,4700000,14300000,6000000.0,10200000.0,6100000.0,10700000.0,0.056,0,36487.0,36659.0,33928.0,34074.0,33017.0,33179.0,4.11,103916.561,,,,,,,,,,,,,,,,,,,,,,,,,,,,,,,,,,,,
1,carp-suite-intraepoch-nowrite,2,128,6,1000000,2048,5900000,12300000,4500000.0,14100000.0,4099999.0,12500000.0,0.084,0,37090.0,37254.0,41053.0,41204.0,37877.0,38009.0,0.614,231812.442,4099999.0,13500000.0,4099999.0,11000000.0,4300000.0,12200000.0,38884.0,39024.0,37614.0,37725.0,38449.0,38595.0,,,,,,,,,,,,,,,,,,,,,,,,
2,carp-suite-intraepoch-nowrite,1,32,12,750000,2048,6300000,8000000,6200000.0,7900000.0,6200000.0,8400000.0,0.052,0,72355.0,72422.0,78282.0,78359.0,77269.0,77294.0,0.687,926935.012,6300000.0,7900000.0,6200000.0,8100000.0,6200000.0,7900000.0,77796.0,77852.0,76925.0,76978.0,75763.0,75775.0,6200000.0,8500000.0,6300000.0,8000000.0,6200000.0,7700000.0,6300000.0,7800000.0,6200000.0,7800000.0,6200000.0,7900000.0,80812.0,80867.0,79406.0,79452.0,79139.0,79166.0,75635.0,75659.0,77131.0,77155.0,75892.0,75955.0
3,carp-suite-intraepoch-nowrite,1,128,6,750000,2048,6300000,10500000,5100000.0,14600000.0,4900000.0,12700000.0,0.071,0,36002.0,36071.0,40991.0,41128.0,40734.0,40921.0,0.764,232370.77300000002,6200000.0,11300000.0,4900000.0,13600000.0,4400000.0,10500000.0,37795.0,37936.0,39751.0,39942.0,36168.0,36372.0,,,,,,,,,,,,,,,,,,,,,,,,
4,carp-suite-intraepoch-nowrite,2,64,12,750000,2048,6200000,10100000,6300000.0,9700000.0,5100000.0,10300000.0,0.117,0,52214.0,52318.0,52529.0,52615.0,51980.0,52076.0,0.812,632975.016,5400000.0,11900000.0,4000000.0,10800000.0,6300000.0,8600000.0,52420.0,52524.0,51276.0,51393.0,51460.0,51540.0,6000000.0,12000000.0,4700000.0,11900000.0,4700000.0,12000000.0,6100000.0,9900000.0,5000000.0,10900000.0,5200000.0,12400000.0,53073.0,53194.0,55185.0,55313.0,52847.0,52925.0,52593.0,52728.0,53675.0,53768.0,52479.0,52581.0
5,carp-suite-intraepoch-nowrite,2,32,12,1000000,2048,6300000,8100000,6200000.0,7800000.0,6200000.0,8000000.0,0.073,0,72452.0,72476.0,76111.0,76124.0,75296.0,75341.0,0.615,919722.034,6200000.0,7900000.0,6100000.0,7800000.0,5500000.0,7000000.0,75768.0,75809.0,79880.0,79903.0,77987.0,78031.0,6300000.0,8000000.0,6200000.0,8000000.0,6200000.0,8100000.0,6200000.0,7900000.0,6200000.0,8100000.0,5900000.0,8900000.0,76888.0,76948.0,76760.0,76918.0,76520.0,76603.0,75991.0,76023.0,77815.0,77827.0,77663.0,77719.0
6,carp-suite-intraepoch-nowrite,1,256,3,1000000,2048,6200000,12300000,5800000.0,10500000.0,6100000.0,11700000.0,0.078,0,28299.0,28421.0,30977.0,31179.0,28560.0,28761.0,1.175,88362.197,,,,,,,,,,,,,,,,,,,,,,,,,,,,,,,,,,,,
7,carp-suite-intraepoch-nowrite,1,256,3,750000,2048,6200000,11900000,5900000.0,11100000.0,4000000.0,12800000.0,0.075,0,27314.0,27492.0,28916.0,29074.0,32098.999999999996,32311.999999999996,1.348,88878.634,,,,,,,,,,,,,,,,,,,,,,,,,,,,,,,,,,,,
8,carp-suite-intraepoch-nowrite,2,16,12,750000,2048,5100000,8300000,5100000.0,8700000.0,5200000.0,8600000.0,0.054,0,14328.0,14344.0,17977.0,18001.0,17801.0,17829.0,0.734,207351.276,5400000.0,8400000.0,5500000.0,8400000.0,5100000.0,8600000.0,16903.0,16914.0,17450.0,17461.0,17988.0,18006.0,5600000.0,8199999.0,6000000.0,7900000.0,5700000.0,8300000.0,5500000.0,8300000.0,5400000.0,8600000.0,6000000.0,7800000.0,17406.0,17426.0,17702.0,17719.0,17124.0,17131.0,17453.0,17480.0,17478.0,17505.0,17440.0,17534.0
9,carp-suite-intraepoch-nowrite,1,64,12,750000,2048,6200000,10800000,4300000.0,11400000.0,5000000.0,10000000.0,0.083,0,49701.0,49763.0,53746.0,53808.0,53734.0,53820.0,0.608,628528.441,4400000.0,11800000.0,6100000.0,9700000.0,6300000.0,8500000.0,53898.0,54037.0,51996.0,52096.0,52260.0,52348.0,5800000.0,9700000.0,5000000.0,9900000.0,4900000.0,8800000.0,4099999.0,12700000.0,4500000.0,9900000.0,4500000.0,10100000.0,54477.0,54603.0,52445.0,52595.0,50025.0,50151.0,51142.0,51177.0,52730.0,52934.0,51006.0,51196.0
10,carp-suite-intraepoch-nowrite,2,64,12,1000000,2048,4400000,8600000,4600000.0,9800000.0,3900000.0,11200000.0,0.078,0,51739.0,51791.0,55614.0,55729.0,50989.0,51081.0,0.652,626230.939,3600000.0,10300000.0,3900000.0,10500000.0,4099999.0,10700000.0,51401.0,51485.0,51300.0,51383.0,52338.0,52447.0,5200000.0,8400000.0,4099999.0,9700000.0,3900000.0,10100000.0,4600000.0,8600000.0,4099999.0,10000000.0,4600000.0,10000000.0,51343.0,51393.0,51779.0,51858.0,52364.0,52526.0,52556.0,52680.0,52985.0,53089.0,50592.0,50767.0
11,carp-suite-intraepoch-nowrite,2,512,1,1000000,2048,5300000,10900000,,,,,0.056,0,30149.0,30333.0,,,,,2.225,30335.388,,,,,,,,,,,,,,,,,,,,,,,,,,,,,,,,,,,,
12,carp-suite-intraepoch-nowrite,1,16,12,1000000,2048,5000000,8700000,4800000.0,8600000.0,5000000.0,8600000.0,0.102,0,14627.0,14654.0,18454.0,18487.0,17922.0,17942.0,0.599,210640.586,5300000.0,8300000.0,5000000.0,8700000.0,5600000.0,8000000.0,17577.0,17590.0,18222.0,18235.0,17422.0,17436.0,5600000.0,8100000.0,5000000.0,8600000.0,5800000.0,7800000.0,5000000.0,8600000.0,5000000.0,8700000.0,5000000.0,8700000.0,17177.0,17195.0,17559.0,17567.0,17662.0,17667.0,17829.0,17833.0,17896.0,17914.0,18075.0,18119.0
13,carp-suite-intraepoch-nowrite,1,32,12,1000000,2048,6100000,7800000,6200000.0,8600000.0,6300000.0,7800000.0,0.059,0,74289.0,74328.0,76348.0,76409.0,75857.0,75922.0,0.703,912309.5009999999,6000000.0,8100000.0,6300000.0,8400000.0,6200000.0,8199999.0,74594.0,74610.0,75523.0,75554.0,77604.0,77664.0,6100000.0,7800000.0,6000000.0,8100000.0,6200000.0,8100000.0,6100000.0,8000000.0,6200000.0,8600000.0,6200000.0,8300000.0,75885.0,75933.0,76191.0,76210.0,76558.0,76581.0,75753.0,75788.0,76472.0,76504.0,76748.0,76803.0
14,carp-suite-intraepoch-nowrite,2,16,12,1000000,2048,5100000,8700000,5200000.0,8400000.0,5500000.0,8100000.0,0.042,0,15656.0,15664.0,18623.0,18650.0,17553.0,17573.0,0.53,210625.437,5100000.0,8500000.0,5100000.0,8400000.0,5100000.0,8600000.0,17738.0,17756.0,17807.0,17824.0,17983.0,17995.0,5100000.0,8500000.0,5900000.0,8300000.0,5100000.0,8600000.0,5500000.0,8100000.0,5200000.0,8500000.0,6000000.0,7500000.0,17764.0,17789.0,17601.0,17630.0,17657.0,17674.0,17208.0,17236.0,17445.0,17467.0,17338.0,17367.0
15,carp-suite-intraepoch-nowrite,2,32,12,750000,2048,6300000,7900000,6200000.0,8000000.0,6300000.0,8500000.0,0.055,0,74425.0,74488.0,75392.0,75445.0,75838.0,75875.0,0.69,917029.759,6300000.0,7900000.0,6200000.0,7700000.0,6300000.0,7900000.0,78616.0,78639.0,75614.0,75663.0,75737.0,75778.0,6300000.0,7700000.0,6300000.0,8400000.0,6300000.0,8300000.0,6300000.0,8199999.0,6200000.0,8000000.0,6200000.0,7900000.0,77595.0,77652.0,78204.0,78261.0,75784.0,75826.0,75831.0,75890.0,77071.0,77082.0,76350.0,76430.0
16,carp-suite-intraepoch-nowrite,2,128,6,750000,2048,5100000,9600000,4099999.0,14000000.0,6300000.0,11800000.0,0.105,0,33967.0,34071.0,40732.0,40898.0,37206.0,37293.0,1.313,228363.412,5700000.0,14000000.0,4200000.0,10300000.0,4400000.0,13500000.0,39355.0,39503.0,35111.0,35284.0,41137.0,41313.0,,,,,,,,,,,,,,,,,,,,,,,,
17,carp-suite-intraepoch-nowrite,1,64,12,1000000,2048,6000000,10100000,3900000.0,10500000.0,5700000.0,9400000.0,0.069,0,51406.0,51449.0,53847.0,53920.0,51497.0,51623.0,0.683,623401.25,5000000.0,11000000.0,6300000.0,9800000.0,3800000.0,10100000.0,53203.0,53330.0,51103.0,51275.0,52186.0,52286.0,5800000.0,8500000.0,4600000.0,11300000.0,5900000.0,11400000.0,5000000.0,9300000.0,4800000.0,11000000.0,5900000.0,9100000.0,50362.0,50485.0,52263.0,52398.0,51405.0,51562.0,50351.0,50477.0,52475.0,52611.0,51871.0,51985.0
18,carp-suite-intraepoch-nowrite,1,128,6,1000000,2048,5600000,10400000,3700000.0,12100000.0,4200000.0,12900000.0,0.083,0,36534.0,36648.0,38358.0,38479.0,39012.0,39193.0,0.687,232009.567,6000000.0,10200000.0,5700000.0,11000000.0,5900000.0,10800000.0,37224.0,37310.0,39924.0,40043.0,40197.0,40337.0,,,,,,,,,,,,,,,,,,,,,,,,
19,carp-suite-intraepoch-nowrite,1,16,12,750000,2048,5200000,8500000,5300000.0,8600000.0,5400000.0,8500000.0,0.09,0,15092.0,15105.0,17642.0,17659.0,17728.0,17743.0,2.013,207633.965,5300000.0,8700000.0,6300000.0,7300000.0,5600000.0,8199999.0,17498.0,17509.0,17477.0,17492.0,17447.0,17465.0,5800000.0,8000000.0,5700000.0,8199999.0,5600000.0,8400000.0,5100000.0,8700000.0,5300000.0,8500000.0,5300000.0,8500000.0,17771.0,17795.0,17340.0,17358.0,17122.0,17142.0,17625.0,17635.0,17462.0,17474.0,17224.0,17255.0
20,carp-suite-intraepoch-nowrite,1,512,1,750000,2048,5900000,13400000,,,,,0.057,0,31854.0,32029.000000000004,,,,,2.278,32031.252,,,,,,,,,,,,,,,,,,,,,,,,,,,,,,,,,,,,
21,carp-suite-intraepoch-nowrite,1,512,1,1000000,2048,2500000,11900000,,,,,0.122,0,32537.999999999996,32715.000000000004,,,,,2.3089999999999997,32717.691000000003,,,,,,,,,,,,,,,,,,,,,,,,,,,,,,,,,,,,
22,carp-suite-intraepoch-nowrite,2,256,3,1000000,2048,4600000,9700000,5800000.0,13300000.0,3100000.0,13800000.0,0.289,0,28358.0,28514.0,35805.0,35932.0,36037.0,36263.0,1.377,100711.112,,,,,,,,,,,,,,,,,,,,,,,,,,,,,,,,,,,,
23,carp-suite-intraepoch-nowrite,2,512,1,750000,2048,6000000,13900000,,,,,0.055,0,34959.0,35111.0,,,,,2.3240000000000003,35113.252,,,,,,,,,,,,,,,,,,,,,,,,,,,,,,,,,,,,
24,carp-suite-intraepoch,2,256,3,750000,2048,6100000,10700000,4400000.0,12600000.0,5900000.0,11500000.0,0.08,0,34550.0,34705.0,35799.0,36038.0,51601.0,51750.0,1128.7160000000001,123621.19900000001,,,,,,,,,,,,,,,,,,,,,,,,,,,,,,,,,,,,
25,carp-suite-intraepoch,2,128,6,1000000,2048,3900000,7600000,3900000.0,7600000.0,3900000.0,7600000.0,0.053,0,37164.0,37277.0,38555.0,38725.0,35643.0,35729.0,2845.71,225453.202,3900000.0,7600000.0,3900000.0,7600000.0,3900000.0,7600000.0,36194.0,36326.0,37101.0,37277.0,37152.0,37274.0,,,,,,,,,,,,,,,,,,,,,,,,
26,carp-suite-intraepoch,1,32,12,750000,2048,6300000,8000000,6300000.0,8199999.0,6200000.0,7800000.0,0.061,0,81435.0,81466.0,78005.0,78073.0,80926.0,80950.0,96.219,967599.4180000001,6200000.0,7900000.0,6300000.0,8000000.0,6200000.0,7700000.0,79485.0,79581.0,78318.0,78390.0,80463.0,80480.0,6200000.0,8500000.0,6200000.0,8100000.0,6200000.0,8600000.0,6200000.0,8000000.0,6300000.0,8400000.0,6200000.0,8199999.0,81239.0,81252.0,79901.0,79948.0,80837.0,80865.0,82441.0,82495.0,83799.0,83863.0,80070.0,80140.0
27,carp-suite-intraepoch,1,128,6,750000,2048,6000000,11100000,5100000.0,10400000.0,6100000.0,11400000.0,0.075,0,40112.0,40250.0,39786.0,40029.0,40178.0,40336.0,233.011,244754.859,4400000.0,11000000.0,4400000.0,14200000.0,4400000.0,11300000.0,39944.0,40079.0,43422.0,43546.0,40132.0,40282.0,,,,,,,,,,,,,,,,,,,,,,,,
28,carp-suite-intraepoch,2,64,12,750000,2048,5000000,12500000,4300000.0,9800000.0,6100000.0,10200000.0,0.075,0,55471.0,55552.0,54072.0,54196.0,54921.0,55055.0,150.321,657675.948,4200000.0,9400000.0,4200000.0,9100000.0,5700000.0,11100000.0,55508.0,55663.0,54240.0,54358.0,56553.0,56670.0,4300000.0,8800000.0,4900000.0,11100000.0,4700000.0,10100000.0,4700000.0,8199999.0,6100000.0,9400000.0,4700000.0,9700000.0,54966.0,55093.0,54576.0,54791.0,54786.0,54937.0,52468.0,52563.0,54665.0,54765.0,53796.0,53883.0
29,carp-suite-intraepoch,2,32,12,1000000,2048,6200000,8600000,6200000.0,8600000.0,6200000.0,8600000.0,0.063,0,79468.0,79549.0,79370.0,79494.0,79731.0,79807.0,97.01400000000001,960732.776,6200000.0,8600000.0,6200000.0,8600000.0,6200000.0,8600000.0,79040.0,79078.0,81428.0,81471.0,79465.0,79499.0,6200000.0,8600000.0,6200000.0,8600000.0,6200000.0,8600000.0,6200000.0,8600000.0,6200000.0,8600000.0,6200000.0,8600000.0,80230.0,80267.0,78967.0,79010.0,77339.0,77385.0,81078.0,81105.0,80392.0,80470.0,83401.0,83500.0
30,carp-suite-intraepoch,1,256,3,1000000,2048,5100000,8300000,5100000.0,8300000.0,5100000.0,8300000.0,0.047,0,29786.0,29936.0,33614.0,33733.0,30776.0,30916.0,27580.382,122164.48599999999,,,,,,,,,,,,,,,,,,,,,,,,,,,,,,,,,,,,
31,carp-suite-intraepoch,1,256,3,750000,2048,6000000,10900000,6000000.0,10800000.0,6100000.0,10700000.0,0.066,0,33477.0,33625.0,34837.0,35036.0,42060.0,42249.0,55634.393000000004,166544.677,,,,,,,,,,,,,,,,,,,,,,,,,,,,,,,,,,,,
32,carp-suite-intraepoch,2,16,12,750000,2048,5000000,8700000,6100000.0,8199999.0,4800000.0,8700000.0,0.107,0,15998.0,16003.0,17868.0,17881.0,18827.0,18842.0,191.993,218333.43,5100000.0,8700000.0,5100000.0,8700000.0,5600000.0,8400000.0,18057.0,18081.0,17916.0,17944.0,17822.0,17834.0,5100000.0,8700000.0,5000000.0,8700000.0,5200000.0,8400000.0,5400000.0,8500000.0,5300000.0,8300000.0,4800000.0,8700000.0,18403.0,18417.0,18390.0,18402.0,18812.0,18825.0,18945.0,18982.0,17953.0,17985.0,18913.0,18948.0
33,carp-suite-intraepoch,1,64,12,750000,2048,6000000,9200000,4700000.0,10100000.0,4800000.0,11200000.0,0.102,0,54862.0,54919.0,53101.0,53242.0,56138.0,56247.0,130.203,646851.6240000001,4800000.0,10300000.0,4099999.0,9000000.0,4700000.0,12100000.0,52737.0,52840.0,53725.0,53850.0,55013.0,55172.0,6100000.0,10300000.0,5000000.0,9700000.0,4500000.0,11100000.0,6300000.0,7700000.0,4900000.0,10300000.0,5100000.0,11500000.0,52097.0,52157.0,52870.0,53013.0,54184.0,54266.0,52482.0,52554.0,53406.0,53475.0,54842.0,54987.0
34,carp-suite-intraepoch,2,64,12,1000000,2048,5900000,7500000,5900000.0,7500000.0,5900000.0,7500000.0,0.036,0,51806.0,51861.0,54520.0,54639.0,55686.0,55770.0,230.056,641866.08,5900000.0,7500000.0,5900000.0,7500000.0,5900000.0,7500000.0,52105.0,52211.0,52398.0,52485.0,51816.0,51902.0,5900000.0,7500000.0,5900000.0,7500000.0,5900000.0,7500000.0,5900000.0,7500000.0,5900000.0,7500000.0,5900000.0,7500000.0,53482.0,53586.0,52483.0,52528.0,53466.0,53573.0,55844.0,55937.0,53385.0,53459.0,53623.0,53687.0
35,carp-suite-intraepoch,2,512,1,1000000,2048,200400,10800000,,,,,0.515,0,46566.0,46750.0,,,,,12885.825,59635.993,,,,,,,,,,,,,,,,,,,,,,,,,,,,,,,,,,,,
36,carp-suite-intraepoch,1,16,12,1000000,2048,6200000,7600000,6200000.0,7600000.0,6200000.0,7600000.0,0.048,0,13952.0,13958.0,17883.0,17890.0,17093.0,17099.0,99.206,205339.462,6200000.0,7600000.0,6200000.0,7600000.0,6200000.0,7600000.0,17325.0,17344.0,17227.0,17258.0,17605.0,17623.0,6200000.0,7600000.0,6200000.0,7600000.0,6200000.0,7600000.0,6200000.0,7600000.0,6200000.0,7600000.0,6200000.0,7600000.0,17374.0,17394.0,17193.0,17203.0,17329.0,17344.0,17681.0,17695.0,17113.0,17117.0,17279.0,17315.0
37,carp-suite-intraepoch,1,32,12,1000000,2048,6300000,7800000,6300000.0,7800000.0,6300000.0,7800000.0,0.043,0,78088.0,78135.0,79068.0,79150.0,79369.0,79440.0,533.689,956103.891,6300000.0,7800000.0,6300000.0,7800000.0,6300000.0,7800000.0,79449.0,79477.0,79888.0,79912.0,80747.0,80799.0,6300000.0,7800000.0,6300000.0,7800000.0,6300000.0,7800000.0,6300000.0,7800000.0,6300000.0,7800000.0,6300000.0,7800000.0,78275.0,78330.0,78982.0,79008.0,78178.0,78196.0,83158.0,83193.0,78812.0,78828.0,81048.0,81104.0
38,carp-suite-intraepoch,2,16,12,1000000,2048,6300000,7100000,6300000.0,7100000.0,6300000.0,7100000.0,0.032,0,14690.0,14695.0,17403.0,17428.0,17206.0,17232.0,632.206,203674.84,6300000.0,7100000.0,6300000.0,7100000.0,6300000.0,7100000.0,17196.0,17226.0,16938.0,16977.0,16972.0,16994.0,6300000.0,7100000.0,6300000.0,7100000.0,6300000.0,7100000.0,6300000.0,7100000.0,6300000.0,7100000.0,6300000.0,7100000.0,16736.0,16775.0,16906.0,16936.0,17295.0,17316.0,16998.0,17030.0,17262.0,17282.0,17112.0,17153.0
39,carp-suite-intraepoch,2,32,12,750000,2048,6300000,7700000,6200000.0,7800000.0,6200000.0,8300000.0,0.055,0,81235.0,81267.0,81505.0,81534.0,81462.0,81498.0,93.55,965675.271,6100000.0,7900000.0,6200000.0,8000000.0,6200000.0,8100000.0,78855.0,78909.0,79457.0,79523.0,82040.0,82099.0,6200000.0,7800000.0,6000000.0,7900000.0,6200000.0,7800000.0,6300000.0,7900000.0,6200000.0,7700000.0,6300000.0,8000000.0,80360.0,80387.0,80782.0,80821.0,79063.0,79144.0,80341.0,80447.0,78592.0,78670.0,81180.0,81284.0
40,carp-suite-intraepoch,2,128,6,750000,2048,6000000,11500000,6100000.0,10300000.0,6100000.0,10800000.0,0.113,0,36421.0,36502.0,39035.0,39201.0,41264.0,41492.0,308.82599999999996,240329.50199999998,4000000.0,14000000.0,4300000.0,11100000.0,4000000.0,13800000.0,40255.0,40454.0,38622.0,38755.0,43408.0,43616.0,,,,,,,,,,,,,,,,,,,,,,,,
41,carp-suite-intraepoch,1,64,12,1000000,2048,6300000,7700000,6300000.0,7700000.0,6300000.0,7700000.0,0.035,0,53708.0,53762.0,52758.0,52837.0,53591.0,53688.0,171.906,643971.877,6300000.0,7700000.0,6300000.0,7700000.0,6300000.0,7700000.0,52660.0,52742.0,53364.0,53437.0,54316.0,54382.0,6300000.0,7700000.0,6300000.0,7700000.0,6300000.0,7700000.0,6300000.0,7700000.0,6300000.0,7700000.0,6300000.0,7700000.0,54663.0,54816.0,53353.0,53440.0,54015.0,54070.0,53534.0,53603.0,52709.0,52862.0,54013.0,54160.0
42,carp-suite-intraepoch,1,128,6,1000000,2048,6100000,8199999,6100000.0,8199999.0,6100000.0,8199999.0,0.04,0,37573.0,37636.0,39092.0,39246.0,37268.0,37414.0,171.937,228868.347,6100000.0,8199999.0,6100000.0,8199999.0,6100000.0,8199999.0,37387.0,37559.0,37083.0,37262.0,39401.0,39580.0,,,,,,,,,,,,,,,,,,,,,,,,
43,carp-suite-intraepoch,1,16,12,750000,2048,6300000,7700000,5600000.0,8600000.0,5100000.0,8500000.0,0.095,0,15501.0,15516.0,18728.0,18751.0,18470.0,18478.0,77.946,217838.414,5200000.0,8700000.0,5300000.0,8500000.0,5600000.0,7800000.0,18129.0,18136.0,18436.0,18462.0,18292.0,18324.0,5600000.0,8400000.0,5000000.0,8800000.0,5100000.0,8400000.0,5100000.0,8600000.0,5000000.0,8500000.0,5100000.0,8500000.0,18071.0,18102.0,18130.0,18159.0,18332.0,18357.0,18619.0,18640.0,18270.0,18293.0,18461.0,18543.0
44,carp-suite-intraepoch,1,512,1,750000,2048,4600000,7800000,,,,,0.028,0,53550.0,53728.0,,,,,18572.854,72300.531,,,,,,,,,,,,,,,,,,,,,,,,,,,,,,,,,,,,
45,carp-suite-intraepoch,1,512,1,1000000,2048,213000,10300000,,,,,0.494,0,42600.0,44924.0,,,,,13095.772,58019.455,,,,,,,,,,,,,,,,,,,,,,,,,,,,,,,,,,,,
46,carp-suite-intraepoch,2,256,3,1000000,2048,6100000,9000000,6100000.0,9000000.0,6100000.0,9000000.0,0.055,0,30633.0,30811.0,33893.0,34017.0,33028.0,33149.0,4509.564,102487.08499999999,,,,,,,,,,,,,,,,,,,,,,,,,,,,,,,,,,,,
47,carp-suite-intraepoch,2,512,1,750000,2048,2700000,7600000,,,,,0.087,0,54726.0,54901.0,,,,,1959.573,56860.805,,,,,,,,,,,,,,,,,,,,,,,,,,,,,,,,,,,,
48,carp-suite-intraepoch-skipsort,2,256,3,750000,2048,6000000,11400000,6100000.0,10900000.0,6000000.0,10700000.0,0.07,0,32389.000000000004,32561.0,35511.0,35702.0,34575.0,34741.0,30106.542,133110.55200000003,,,,,,,,,,,,,,,,,,,,,,,,,,,,,,,,,,,,
49,carp-suite-intraepoch-skipsort,2,128,6,1000000,2048,5800000,8000000,5800000.0,8000000.0,5800000.0,8000000.0,0.039,0,,,,,38552.0,38671.0,255.16299999999998,230821.403,5800000.0,8000000.0,5800000.0,8000000.0,,,38186.0,38264.0,37053.0,37184.0,37492.0,37619.0,,,,,,,,,,,,,,,,,,,,,,,,
50,carp-suite-intraepoch-skipsort,1,32,12,750000,2048,6300000,7900000,6200000.0,8000000.0,6300000.0,8000000.0,0.065,0,77715.0,77740.0,79091.0,79150.0,79611.0,79704.0,110.161,966059.495,6200000.0,8000000.0,6300000.0,7900000.0,6300000.0,8199999.0,81547.0,81576.0,80591.0,80634.0,80767.0,80825.0,6300000.0,8000000.0,6300000.0,7700000.0,6200000.0,8100000.0,6000000.0,8000000.0,6200000.0,7800000.0,6300000.0,8300000.0,82104.0,82163.0,81153.0,81221.0,81958.0,82011.0,79724.0,79755.0,79096.0,79202.0,81877.0,81968.0
51,carp-suite-intraepoch-skipsort,1,128,6,750000,2048,4200000,11500000,6000000.0,10800000.0,4099999.0,10800000.0,0.084,0,38051.0,38169.0,38702.0,38841.0,38467.0,38569.0,289.12399999999997,235506.095,4400000.0,11100000.0,5800000.0,9500000.0,5100000.0,11900000.0,38124.0,38274.0,38334.0,38492.0,42718.0,42873.0,,,,,,,,,,,,,,,,,,,,,,,,
52,carp-suite-intraepoch-skipsort,2,64,12,750000,2048,6200000,8199999,4300000.0,9400000.0,5600000.0,8700000.0,0.085,0,51392.0,51477.0,54176.0,54280.0,54174.0,54311.0,169.84199999999998,636401.378,4500000.0,10200000.0,4800000.0,9500000.0,4800000.0,9900000.0,52580.0,52652.0,51974.0,52050.0,54723.0,54832.0,4300000.0,9600000.0,4500000.0,12800000.0,5900000.0,8400000.0,5100000.0,9400000.0,4800000.0,9900000.0,4400000.0,10200000.0,54678.0,54736.0,52532.0,52605.0,52231.0,52295.0,52536.0,52706.0,52266.0,52409.0,51776.0,51878.0
53,carp-suite-intraepoch-skipsort,1,256,3,750000,2048,6100000,11300000,6100000.0,10500000.0,6000000.0,10800000.0,0.07,0,32665.0,32869.0,33118.0,33258.0,33888.0,34103.0,8968.168,109198.00200000001,,,,,,,,,,,,,,,,,,,,,,,,,,,,,,,,,,,,
54,carp-suite-intraepoch-skipsort,2,16,12,750000,2048,5000000,8700000,5900000.0,8000000.0,5700000.0,8300000.0,0.057,0,15299.0,15317.0,18226.0,18251.0,17983.0,18006.0,87.179,215730.53,5400000.0,8600000.0,5400000.0,8300000.0,6100000.0,7800000.0,17835.0,17855.0,18400.0,18414.0,18032.0,18060.0,6300000.0,7700000.0,5100000.0,8600000.0,6300000.0,7400000.0,5700000.0,8199999.0,4800000.0,9300000.0,6100000.0,7900000.0,17778.0,17804.0,18445.0,18451.0,18121.0,18141.0,17573.0,17599.0,19050.0,19067.0,18644.0,18676.0
55,carp-suite-intraepoch-skipsort,1,64,12,750000,2048,5000000,8400000,6000000.0,8800000.0,4800000.0,11800000.0,0.085,0,53845.0,53923.0,54751.0,54891.0,57301.0,57504.0,171.72299999999998,651064.528,6000000.0,7900000.0,6200000.0,10100000.0,4900000.0,9500000.0,53099.0,53248.0,54972.0,55055.0,52770.0,52857.0,5900000.0,10800000.0,4300000.0,9900000.0,4300000.0,10100000.0,6200000.0,9800000.0,4500000.0,9000000.0,5400000.0,10400000.0,56020.0,56186.0,55154.0,55332.0,52198.0,52463.0,53097.0,53258.0,53966.0,54084.0,51900.0,52092.0
56,carp-suite-intraepoch-skipsort,2,64,12,1000000,2048,4700000,8400000,4700000.0,8400000.0,4700000.0,8400000.0,0.11,0,,,,,,,197.654,646279.265,4700000.0,8400000.0,4700000.0,8400000.0,,,,,,,,,,,,,,,,,,,,,,,,,53300.0,53365.0,55966.0,56041.0,55331.0,55379.0,54679.0,54768.0
57,carp-suite-intraepoch-skipsort,2,512,1,1000000,2048,205300,10600000,,,,,0.517,0,45322.0,49544.0,,,,,6901.5599999999995,56445.515999999996,,,,,,,,,,,,,,,,,,,,,,,,,,,,,,,,,,,,
58,carp-suite-intraepoch-skipsort,2,32,12,750000,2048,6200000,8000000,6200000.0,7700000.0,6300000.0,7800000.0,0.063,0,79703.0,79727.0,87857.0,87887.0,85292.0,85313.0,80.871,1001832.717,6300000.0,8000000.0,6300000.0,8100000.0,6300000.0,8100000.0,84244.0,84270.0,83542.0,83591.0,83639.0,83700.0,6200000.0,8000000.0,6200000.0,8100000.0,6300000.0,8300000.0,6200000.0,8300000.0,6300000.0,7900000.0,6000000.0,8400000.0,84112.0,84151.0,83302.0,83375.0,83233.0,83271.0,81478.0,81507.0,82520.0,82538.0,82351.0,82424.0
59,carp-suite-intraepoch-skipsort,2,128,6,750000,2048,5300000,9100000,3800000.0,13000000.0,6200000.0,10100000.0,0.087,0,36593.0,36722.0,40962.0,41118.0,40130.0,40250.0,380.851,240676.894,4800000.0,11800000.0,4099999.0,10800000.0,6200000.0,11000000.0,42276.0,42461.0,38032.0,38219.0,41352.0,41527.0,,,,,,,,,,,,,,,,,,,,,,,,
60,carp-suite-intraepoch-skipsort,1,16,12,750000,2048,5300000,8500000,5100000.0,8600000.0,5500000.0,7800000.0,0.09,0,15439.0,15457.0,18775.0,18805.0,18628.0,18646.0,78.226,215648.051,5200000.0,8600000.0,5600000.0,8199999.0,5100000.0,8700000.0,17985.0,18007.0,17413.0,17448.0,18159.0,18191.0,5500000.0,8600000.0,5400000.0,8600000.0,5400000.0,8600000.0,5800000.0,8600000.0,5100000.0,8700000.0,5300000.0,8500000.0,18470.0,18509.0,18022.0,18031.0,17827.0,17853.0,18275.0,18296.0,18345.0,18364.0,17932.0,17963.0
61,carp-suite-intraepoch-skipsort,1,512,1,750000,2048,4700000,8500000,,,,,0.05,0,46211.0,46340.0,,,,,13091.258,59431.53,,,,,,,,,,,,,,,,,,,,,,,,,,,,,,,,,,,,
62,carp-suite-intraepoch-skipsort,2,256,3,1000000,2048,5100000,8199999,5100000.0,8199999.0,5100000.0,8199999.0,0.049,0,30157.0,30317.0,32342.0,32519.0,29296.0,29485.0,54388.185,146708.625,,,,,,,,,,,,,,,,,,,,,,,,,,,,,,,,,,,,
63,carp-suite-intraepoch-skipsort,2,512,1,750000,2048,3100000,9400000,,,,,0.052,0,36588.0,42212.0,,,,,11423.373,53635.551999999996,,,,,,,,,,,,,,,,,,,,,,,,,,,,,,,,,,,,
