hg_proto,hg_poll,hg_byploc,nranks,rounds,rwarmup,npivots,mean,std,min,max
bmi+tcp,0,0,16,1,0,256,42439.0,0.0,42439,42439
bmi+tcp,0,0,16,1,0,512,42306.0,0.0,42306,42306
bmi+tcp,0,0,16,1,0,1024,37933.0,0.0,37933,37933
bmi+tcp,0,0,16,1,0,2048,41282.0,0.0,41282,41282
bmi+tcp,0,0,16,1,0,4096,51477.0,0.0,51477,51477
bmi+tcp,0,0,16,1,0,8192,48025.0,0.0,48025,48025
bmi+tcp,0,0,32,1,0,256,78336.0,0.0,78336,78336
bmi+tcp,0,0,32,1,0,512,54271.0,0.0,54271,54271
bmi+tcp,0,0,32,1,0,1024,44691.0,0.0,44691,44691
bmi+tcp,0,0,32,1,0,2048,54218.0,0.0,54218,54218
bmi+tcp,0,0,32,1,0,4096,63584.0,0.0,63584,63584
bmi+tcp,0,0,32,1,0,8192,67917.0,0.0,67917,67917
bmi+tcp,0,0,64,1,0,256,60309.0,0.0,60309,60309
bmi+tcp,0,0,64,1,0,512,51570.0,0.0,51570,51570
bmi+tcp,0,0,64,1,0,1024,76431.0,0.0,76431,76431
bmi+tcp,0,0,64,1,0,2048,61355.0,0.0,61355,61355
bmi+tcp,0,0,64,1,0,4096,64021.0,0.0,64021,64021
bmi+tcp,0,0,64,1,0,8192,65082.0,0.0,65082,65082
bmi+tcp,0,0,128,1,0,256,129390.0,0.0,129390,129390
bmi+tcp,0,0,128,1,0,512,154147.0,0.0,154147,154147
bmi+tcp,0,0,128,1,0,1024,143783.0,0.0,143783,143783
bmi+tcp,0,0,128,1,0,2048,178900.0,0.0,178900,178900
bmi+tcp,0,0,128,1,0,4096,169362.0,0.0,169362,169362
bmi+tcp,0,0,128,1,0,8192,142948.0,0.0,142948,142948
bmi+tcp,0,0,256,1,0,256,191670.0,0.0,191670,191670
bmi+tcp,0,0,256,1,0,512,171250.0,0.0,171250,171250
bmi+tcp,0,0,256,1,0,1024,164375.0,0.0,164375,164375
bmi+tcp,0,0,256,1,0,2048,192422.0,0.0,192422,192422
bmi+tcp,0,0,256,1,0,4096,180303.0,0.0,180303,180303
bmi+tcp,0,0,256,1,0,8192,176249.0,0.0,176249,176249
bmi+tcp,0,0,512,1,0,256,206775.0,0.0,206775,206775
bmi+tcp,0,0,512,1,0,512,203566.0,0.0,203566,203566
bmi+tcp,0,0,512,1,0,1024,211468.0,0.0,211468,211468
bmi+tcp,0,0,512,1,0,2048,226469.0,0.0,226469,226469
bmi+tcp,0,0,512,1,0,4096,238009.0,0.0,238009,238009
bmi+tcp,0,0,512,1,0,8192,269146.0,0.0,269146,269146
bmi+tcp,0,0,1024,1,0,256,187310.0,0.0,187310,187310
bmi+tcp,0,0,1024,1,0,512,237271.0,0.0,237271,237271
bmi+tcp,0,0,1024,1,0,1024,231019.0,0.0,231019,231019
bmi+tcp,0,0,1024,1,0,2048,218098.0,0.0,218098,218098
bmi+tcp,0,0,1024,1,0,4096,232576.0,0.0,232576,232576
bmi+tcp,0,0,1024,1,0,8192,207059.0,0.0,207059,207059
bmi+tcp,0,0,2048,1,0,256,318880.0,0.0,318880,318880
bmi+tcp,0,0,2048,1,0,512,278683.0,0.0,278683,278683
bmi+tcp,0,0,2048,1,0,1024,304011.0,0.0,304011,304011
bmi+tcp,0,0,2048,1,0,2048,269565.0,0.0,269565,269565
bmi+tcp,0,0,2048,1,0,4096,311451.0,0.0,311451,311451
bmi+tcp,0,0,2048,1,0,8192,370593.0,0.0,370593,370593
bmi+tcp,0,0,16,10,0,256,42775.0,4532.0,33684,47873
bmi+tcp,0,0,16,10,0,512,40910.0,5217.7,33210,47934
bmi+tcp,0,0,16,10,0,1024,39264.0,5049.7,33338,51183
bmi+tcp,0,0,16,10,0,2048,43728.0,3101.2,39406,50037
bmi+tcp,0,0,16,10,0,4096,44767.0,5988.2,34844,53837
bmi+tcp,0,0,16,10,0,8192,42264.0,4068.8,36178,48594
bmi+tcp,0,0,32,10,0,256,57986.0,3812.4,52813,63800
bmi+tcp,0,0,32,10,0,512,60953.0,5806.5,52558,72356
bmi+tcp,0,0,32,10,0,1024,55927.0,8932.8,45809,75483
bmi+tcp,0,0,32,10,0,2048,54044.0,7144.9,39706,63116
bmi+tcp,0,0,32,10,0,4096,52273.0,6650.4,44267,66961
bmi+tcp,0,0,32,10,0,8192,51840.0,4817.7,42025,58921
bmi+tcp,0,0,64,10,0,256,58509.0,8621.4,45649,75341
bmi+tcp,0,0,64,10,0,512,64068.0,7212.2,55948,75619
bmi+tcp,0,0,64,10,0,1024,62028.0,9523.4,44834,80075
bmi+tcp,0,0,64,10,0,2048,57447.0,6962.5,46170,71073
bmi+tcp,0,0,64,10,0,4096,60787.0,9115.4,47536,79015
bmi+tcp,0,0,64,10,0,8192,58881.0,5256.5,48163,63317
bmi+tcp,0,0,128,10,0,256,92114.0,19601.3,72727,140271
bmi+tcp,0,0,128,10,0,512,88575.0,16224.5,74880,133588
bmi+tcp,0,0,128,10,0,1024,100041.0,21183.8,79355,157339
bmi+tcp,0,0,128,10,0,2048,85759.0,23458.2,69229,154471
bmi+tcp,0,0,128,10,0,4096,93438.0,24199.3,71576,154971
bmi+tcp,0,0,128,10,0,8192,89443.0,21875.5,72518,153518
bmi+tcp,0,0,256,10,0,256,110387.0,25601.5,87203,184243
bmi+tcp,0,0,256,10,0,512,121410.0,21556.4,93772,174152
bmi+tcp,0,0,256,10,0,1024,112779.0,26482.0,86395,185750
bmi+tcp,0,0,256,10,0,2048,107595.0,26350.3,85025,184769
bmi+tcp,0,0,256,10,0,4096,104152.0,22501.9,75272,157396
bmi+tcp,0,0,256,10,0,8192,150147.0,70106.6,102657,342987
bmi+tcp,0,0,512,10,0,256,141532.0,33056.1,105512,224498
bmi+tcp,0,0,512,10,0,512,134986.0,33702.0,102059,223541
bmi+tcp,0,0,512,10,0,1024,132086.0,32704.5,105984,225901
bmi+tcp,0,0,512,10,0,2048,126555.0,35870.4,103541,232027
bmi+tcp,0,0,512,10,0,4096,139876.0,20533.5,127722,200185
bmi+tcp,0,0,512,10,0,8192,133964.0,26624.5,111923,204678
bmi+tcp,0,0,1024,10,0,256,173680.0,17058.1,146593,204294
bmi+tcp,0,0,1024,10,0,512,184143.0,22681.3,160150,242711
bmi+tcp,0,0,1024,10,0,1024,172495.0,23239.4,139226,220898
bmi+tcp,0,0,1024,10,0,2048,169584.0,21054.6,140647,210125
bmi+tcp,0,0,1024,10,0,4096,173654.0,22290.9,150532,229508
bmi+tcp,0,0,1024,10,0,8192,190834.0,12591.6,175722,223647
bmi+tcp,0,0,2048,10,0,256,213626.0,20636.7,197748,271611
bmi+tcp,0,0,2048,10,0,512,218191.0,25587.1,190111,287063
bmi+tcp,0,0,2048,10,0,1024,207620.0,27367.3,173189,261388
bmi+tcp,0,0,2048,10,0,2048,231549.0,63817.2,162625,403168
bmi+tcp,0,0,2048,10,0,4096,214588.0,26980.8,191716,281597
bmi+tcp,0,0,2048,10,0,8192,224292.0,33162.4,193652,303317
bmi+tcp,0,0,16,1,10,256,73566.0,0.0,73566,73566
bmi+tcp,0,0,16,1,10,512,48843.0,0.0,48843,48843
bmi+tcp,0,0,16,1,10,1024,56409.0,0.0,56409,56409
bmi+tcp,0,0,16,1,10,2048,64749.0,0.0,64749,64749
bmi+tcp,0,0,16,1,10,4096,56537.0,0.0,56537,56537
bmi+tcp,0,0,16,1,10,8192,56224.0,0.0,56224,56224
bmi+tcp,0,0,32,1,10,256,83741.0,0.0,83741,83741
bmi+tcp,0,0,32,1,10,512,75147.0,0.0,75147,75147
bmi+tcp,0,0,32,1,10,1024,72147.0,0.0,72147,72147
bmi+tcp,0,0,32,1,10,2048,72088.0,0.0,72088,72088
bmi+tcp,0,0,32,1,10,4096,83414.0,0.0,83414,83414
bmi+tcp,0,0,32,1,10,8192,60401.0,0.0,60401,60401
bmi+tcp,0,0,64,1,10,256,82180.0,0.0,82180,82180
bmi+tcp,0,0,64,1,10,512,72379.0,0.0,72379,72379
bmi+tcp,0,0,64,1,10,1024,56118.0,0.0,56118,56118
bmi+tcp,0,0,64,1,10,2048,94206.0,0.0,94206,94206
bmi+tcp,0,0,64,1,10,4096,55836.0,0.0,55836,55836
bmi+tcp,0,0,64,1,10,8192,90645.0,0.0,90645,90645
bmi+tcp,0,0,128,1,10,256,112997.0,0.0,112997,112997
bmi+tcp,0,0,128,1,10,512,81822.0,0.0,81822,81822
bmi+tcp,0,0,128,1,10,1024,98407.0,0.0,98407,98407
bmi+tcp,0,0,128,1,10,2048,79030.0,0.0,79030,79030
bmi+tcp,0,0,128,1,10,4096,75321.0,0.0,75321,75321
bmi+tcp,0,0,128,1,10,8192,108197.0,0.0,108197,108197
bmi+tcp,0,0,256,1,10,256,118316.0,0.0,118316,118316
bmi+tcp,0,0,256,1,10,512,117631.0,0.0,117631,117631
bmi+tcp,0,0,256,1,10,1024,141606.0,0.0,141606,141606
bmi+tcp,0,0,256,1,10,2048,133261.0,0.0,133261,133261
bmi+tcp,0,0,256,1,10,4096,93609.0,0.0,93609,93609
bmi+tcp,0,0,256,1,10,8192,124625.0,0.0,124625,124625
bmi+tcp,0,0,512,1,10,256,134531.0,0.0,134531,134531
bmi+tcp,0,0,512,1,10,512,114851.0,0.0,114851,114851
bmi+tcp,0,0,512,1,10,1024,124470.0,0.0,124470,124470
bmi+tcp,0,0,512,1,10,2048,121867.0,0.0,121867,121867
bmi+tcp,0,0,512,1,10,4096,113092.0,0.0,113092,113092
bmi+tcp,0,0,512,1,10,8192,129949.0,0.0,129949,129949
bmi+tcp,0,0,1024,1,10,256,156102.0,0.0,156102,156102
bmi+tcp,0,0,1024,1,10,512,174741.0,0.0,174741,174741
bmi+tcp,0,0,1024,1,10,1024,199587.0,0.0,199587,199587
bmi+tcp,0,0,1024,1,10,2048,163966.0,0.0,163966,163966
bmi+tcp,0,0,1024,1,10,4096,161244.0,0.0,161244,161244
bmi+tcp,0,0,1024,1,10,8192,177429.0,0.0,177429,177429
bmi+tcp,0,0,2048,1,10,256,210020.0,0.0,210020,210020
bmi+tcp,0,0,2048,1,10,512,215831.0,0.0,215831,215831
bmi+tcp,0,0,2048,1,10,1024,225442.0,0.0,225442,225442
bmi+tcp,0,0,2048,1,10,2048,190699.0,0.0,190699,190699
bmi+tcp,0,0,2048,1,10,4096,173383.0,0.0,173383,173383
bmi+tcp,0,0,2048,1,10,8192,173867.0,0.0,173867,173867
bmi+tcp,0,0,16,10,10,256,47547.0,8605.9,34026,67088
bmi+tcp,0,0,16,10,10,512,44541.0,9064.2,37129,69305
bmi+tcp,0,0,16,10,10,1024,53937.0,21767.5,34793,95345
bmi+tcp,0,0,16,10,10,2048,41846.0,5602.9,33618,52346
bmi+tcp,0,0,16,10,10,4096,49742.0,7190.3,39309,65025
bmi+tcp,0,0,16,10,10,8192,51044.0,8659.2,40947,68821
bmi+tcp,0,0,32,10,10,256,56451.0,7936.1,39472,69086
bmi+tcp,0,0,32,10,10,512,68791.0,11255.0,52203,88091
bmi+tcp,0,0,32,10,10,1024,61046.0,6603.4,50310,75112
bmi+tcp,0,0,32,10,10,2048,54336.0,11706.9,41820,76363
bmi+tcp,0,0,32,10,10,4096,53428.0,4849.7,46665,61627
bmi+tcp,0,0,32,10,10,8192,59053.0,12039.9,41410,81733
bmi+tcp,0,0,64,10,10,256,57996.0,10343.5,47342,79155
bmi+tcp,0,0,64,10,10,512,62911.0,9088.1,52525,85687
bmi+tcp,0,0,64,10,10,1024,59205.0,5360.3,53128,70395
bmi+tcp,0,0,64,10,10,2048,66828.0,7686.2,51849,80660
bmi+tcp,0,0,64,10,10,4096,58804.0,10406.4,46423,80021
bmi+tcp,0,0,64,10,10,8192,62714.0,9464.8,45117,78876
bmi+tcp,0,0,128,10,10,256,90971.0,11807.5,74064,113370
bmi+tcp,0,0,128,10,10,512,80026.0,4691.2,72109,87282
bmi+tcp,0,0,128,10,10,1024,82149.0,6573.4,75179,97186
bmi+tcp,0,0,128,10,10,2048,81774.0,9225.5,65492,102160
bmi+tcp,0,0,128,10,10,4096,85236.0,9636.7,74842,104330
bmi+tcp,0,0,128,10,10,8192,75783.0,3718.5,69139,84591
bmi+tcp,0,0,256,10,10,256,105836.0,16297.5,76926,136639
bmi+tcp,0,0,256,10,10,512,101755.0,11499.0,82257,117571
bmi+tcp,0,0,256,10,10,1024,105492.0,12054.8,89434,127275
bmi+tcp,0,0,256,10,10,2048,98722.0,15522.8,82971,131842
bmi+tcp,0,0,256,10,10,4096,107080.0,8626.3,93770,120723
bmi+tcp,0,0,256,10,10,8192,107873.0,7439.9,98944,121877
bmi+tcp,0,0,512,10,10,256,122370.0,8026.6,108016,135962
bmi+tcp,0,0,512,10,10,512,119081.0,5606.5,109762,126677
bmi+tcp,0,0,512,10,10,1024,120223.0,6142.0,110629,130982
bmi+tcp,0,0,512,10,10,2048,120199.0,7656.5,103555,133536
bmi+tcp,0,0,512,10,10,4096,120771.0,14925.4,101366,153902
bmi+tcp,0,0,512,10,10,8192,120506.0,8184.0,105663,128956
bmi+tcp,0,0,1024,10,10,256,160174.0,18987.0,140639,199961
bmi+tcp,0,0,1024,10,10,512,166544.0,13112.0,147600,184745
bmi+tcp,0,0,1024,10,10,1024,154106.0,13104.0,128440,182990
bmi+tcp,0,0,1024,10,10,2048,173085.0,18467.5,143185,202142
bmi+tcp,0,0,1024,10,10,4096,173583.0,7454.2,156979,184847
bmi+tcp,0,0,1024,10,10,8192,179583.0,17389.4,154241,211149
bmi+tcp,0,0,2048,10,10,256,192294.0,14566.7,167472,212835
bmi+tcp,0,0,2048,10,10,512,208485.0,13096.0,184605,230993
bmi+tcp,0,0,2048,10,10,1024,221387.0,56158.3,172537,381178
bmi+tcp,0,0,2048,10,10,2048,195186.0,14784.4,166027,213186
bmi+tcp,0,0,2048,10,10,4096,196878.0,11564.9,168179,215650
bmi+tcp,0,0,2048,10,10,8192,230621.0,75935.8,157083,383143
bmi+tcp,1,0,16,1,0,256,56031.0,0.0,56031,56031
bmi+tcp,1,0,16,1,0,512,56693.0,0.0,56693,56693
bmi+tcp,1,0,16,1,0,1024,116030.0,0.0,116030,116030
bmi+tcp,1,0,16,1,0,2048,84036.0,0.0,84036,84036
bmi+tcp,1,0,16,1,0,4096,80050.0,0.0,80050,80050
bmi+tcp,1,0,16,1,0,8192,81233.0,0.0,81233,81233
bmi+tcp,1,0,32,1,0,256,92033.0,0.0,92033,92033
bmi+tcp,1,0,32,1,0,512,68031.0,0.0,68031,68031
bmi+tcp,1,0,32,1,0,1024,140014.0,0.0,140014,140014
bmi+tcp,1,0,32,1,0,2048,109132.0,0.0,109132,109132
bmi+tcp,1,0,32,1,0,4096,80106.0,0.0,80106,80106
bmi+tcp,1,0,32,1,0,8192,81342.0,0.0,81342,81342
bmi+tcp,1,0,64,1,0,256,133725.0,0.0,133725,133725
bmi+tcp,1,0,64,1,0,512,268923.0,0.0,268923,268923
bmi+tcp,1,0,64,1,0,1024,181192.0,0.0,181192,181192
bmi+tcp,1,0,64,1,0,2048,120010.0,0.0,120010,120010
bmi+tcp,1,0,64,1,0,4096,114328.0,0.0,114328,114328
bmi+tcp,1,0,64,1,0,8192,137032.0,0.0,137032,137032
bmi+tcp,1,0,128,1,0,256,124773.0,0.0,124773,124773
bmi+tcp,1,0,128,1,0,512,228205.0,0.0,228205,228205
bmi+tcp,1,0,128,1,0,1024,169905.0,0.0,169905,169905
bmi+tcp,1,0,128,1,0,2048,168056.0,0.0,168056,168056
bmi+tcp,1,0,128,1,0,4096,171787.0,0.0,171787,171787
bmi+tcp,1,0,128,1,0,8192,143968.0,0.0,143968,143968
bmi+tcp,1,0,256,1,0,256,160046.0,0.0,160046,160046
bmi+tcp,1,0,256,1,0,512,465956.0,0.0,465956,465956
bmi+tcp,1,0,256,1,0,1024,192032.0,0.0,192032,192032
bmi+tcp,1,0,256,1,0,2048,221047.0,0.0,221047,221047
bmi+tcp,1,0,256,1,0,4096,184430.0,0.0,184430,184430
bmi+tcp,1,0,256,1,0,8192,192022.0,0.0,192022,192022
bmi+tcp,1,0,512,1,0,256,327817.0,0.0,327817,327817
bmi+tcp,1,0,512,1,0,512,260023.0,0.0,260023,260023
bmi+tcp,1,0,512,1,0,1024,274236.0,0.0,274236,274236
bmi+tcp,1,0,512,1,0,2048,225631.0,0.0,225631,225631
bmi+tcp,1,0,512,1,0,4096,255994.0,0.0,255994,255994
bmi+tcp,1,0,512,1,0,8192,305812.0,0.0,305812,305812
bmi+tcp,1,0,1024,1,0,256,262198.0,0.0,262198,262198
bmi+tcp,1,0,1024,1,0,512,295168.0,0.0,295168,295168
bmi+tcp,1,0,1024,1,0,1024,302103.0,0.0,302103,302103
bmi+tcp,1,0,1024,1,0,2048,334654.0,0.0,334654,334654
bmi+tcp,1,0,1024,1,0,4096,333786.0,0.0,333786,333786
bmi+tcp,1,0,1024,1,0,8192,366445.0,0.0,366445,366445
bmi+tcp,1,0,2048,1,0,256,372014.0,0.0,372014,372014
bmi+tcp,1,0,2048,1,0,512,375583.0,0.0,375583,375583
bmi+tcp,1,0,2048,1,0,1024,338894.0,0.0,338894,338894
bmi+tcp,1,0,2048,1,0,2048,309301.0,0.0,309301,309301
bmi+tcp,1,0,2048,1,0,4096,392030.0,0.0,392030,392030
bmi+tcp,1,0,2048,1,0,8192,312711.0,0.0,312711,312711
bmi+tcp,1,0,16,10,0,256,59438.0,27066.5,39077,136038
bmi+tcp,1,0,16,10,0,512,49351.0,10850.9,35343,71909
bmi+tcp,1,0,16,10,0,1024,62961.0,48218.2,36061,204031
bmi+tcp,1,0,16,10,0,2048,71838.0,18965.8,49608,116031
bmi+tcp,1,0,16,10,0,4096,63466.0,43633.4,33598,192037
bmi+tcp,1,0,16,10,0,8192,46155.0,12917.6,33181,80433
bmi+tcp,1,0,32,10,0,256,97716.0,53999.8,66993,256826
bmi+tcp,1,0,32,10,0,512,77282.0,15755.6,48045,104014
bmi+tcp,1,0,32,10,0,1024,79851.0,21094.3,51908,116099
bmi+tcp,1,0,32,10,0,2048,78695.0,19381.4,49165,120023
bmi+tcp,1,0,32,10,0,4096,79605.0,8201.6,70021,90721
bmi+tcp,1,0,32,10,0,8192,94484.0,40279.5,52588,201390
bmi+tcp,1,0,64,10,0,256,99493.0,21427.0,55940,142622
bmi+tcp,1,0,64,10,0,512,100970.0,18428.7,77241,137881
bmi+tcp,1,0,64,10,0,1024,91293.0,12569.1,73995,115815
bmi+tcp,1,0,64,10,0,2048,87025.0,8181.8,72884,97924
bmi+tcp,1,0,64,10,0,4096,78001.0,12390.1,58653,92770
bmi+tcp,1,0,64,10,0,8192,93490.0,21590.0,70590,136605
bmi+tcp,1,0,128,10,0,256,127599.0,18260.8,98518,152095
bmi+tcp,1,0,128,10,0,512,125125.0,24395.7,92318,174501
bmi+tcp,1,0,128,10,0,1024,123405.0,19857.3,98414,172303
bmi+tcp,1,0,128,10,0,2048,125172.0,15987.4,108000,167758
bmi+tcp,1,0,128,10,0,4096,131554.0,19846.6,107525,164884
bmi+tcp,1,0,128,10,0,8192,131248.0,29630.2,104243,215175
bmi+tcp,1,0,256,10,0,256,161597.0,53078.4,123994,314024
bmi+tcp,1,0,256,10,0,512,173631.0,29839.2,137065,228324
bmi+tcp,1,0,256,10,0,1024,156136.0,16793.9,129066,188345
bmi+tcp,1,0,256,10,0,2048,144733.0,18960.2,124150,190213
bmi+tcp,1,0,256,10,0,4096,168288.0,19546.5,135986,211965
bmi+tcp,1,0,256,10,0,8192,160403.0,15931.3,135633,188117
bmi+tcp,1,0,512,10,0,256,201611.0,40314.0,166710,312197
bmi+tcp,1,0,512,10,0,512,192400.0,32384.4,168002,284996
bmi+tcp,1,0,512,10,0,1024,185977.0,22303.5,156201,224562
bmi+tcp,1,0,512,10,0,2048,194779.0,37413.1,155995,292564
bmi+tcp,1,0,512,10,0,4096,190345.0,35650.8,150697,281481
bmi+tcp,1,0,512,10,0,8192,181830.0,32168.8,158522,273622
bmi+tcp,1,0,1024,10,0,256,240277.0,26425.5,206482,300030
bmi+tcp,1,0,1024,10,0,512,223709.0,27237.9,191995,275334
bmi+tcp,1,0,1024,10,0,1024,235206.0,28664.2,199226,299804
bmi+tcp,1,0,1024,10,0,2048,237611.0,38971.8,196201,338754
bmi+tcp,1,0,1024,10,0,4096,227295.0,22040.7,203989,280008
bmi+tcp,1,0,1024,10,0,8192,228038.0,38268.6,195193,323996
bmi+tcp,1,0,2048,10,0,256,267122.0,52369.1,231854,418882
bmi+tcp,1,0,2048,10,0,512,273042.0,38560.3,237661,372324
bmi+tcp,1,0,2048,10,0,1024,262089.0,42347.5,203326,356001
bmi+tcp,1,0,2048,10,0,2048,268111.0,37722.8,228211,346809
bmi+tcp,1,0,2048,10,0,4096,271791.0,45115.7,231178,391415
bmi+tcp,1,0,2048,10,0,8192,275882.0,68222.9,219515,462094
bmi+tcp,1,0,16,1,10,256,48998.0,0.0,48998,48998
bmi+tcp,1,0,16,1,10,512,58435.0,0.0,58435,58435
bmi+tcp,1,0,16,1,10,1024,39428.0,0.0,39428,39428
bmi+tcp,1,0,16,1,10,2048,48554.0,0.0,48554,48554
bmi+tcp,1,0,16,1,10,4096,48033.0,0.0,48033,48033
bmi+tcp,1,0,16,1,10,8192,58224.0,0.0,58224,58224
bmi+tcp,1,0,32,1,10,256,68042.0,0.0,68042,68042
bmi+tcp,1,0,32,1,10,512,104040.0,0.0,104040,104040
bmi+tcp,1,0,32,1,10,1024,62619.0,0.0,62619,62619
bmi+tcp,1,0,32,1,10,2048,63937.0,0.0,63937,63937
bmi+tcp,1,0,32,1,10,4096,64703.0,0.0,64703,64703
bmi+tcp,1,0,32,1,10,8192,68034.0,0.0,68034,68034
bmi+tcp,1,0,64,1,10,256,102089.0,0.0,102089,102089
bmi+tcp,1,0,64,1,10,512,62953.0,0.0,62953,62953
bmi+tcp,1,0,64,1,10,1024,94338.0,0.0,94338,94338
bmi+tcp,1,0,64,1,10,2048,105706.0,0.0,105706,105706
bmi+tcp,1,0,64,1,10,4096,69431.0,0.0,69431,69431
bmi+tcp,1,0,64,1,10,8192,67785.0,0.0,67785,67785
bmi+tcp,1,0,128,1,10,256,120170.0,0.0,120170,120170
bmi+tcp,1,0,128,1,10,512,107656.0,0.0,107656,107656
bmi+tcp,1,0,128,1,10,1024,118240.0,0.0,118240,118240
bmi+tcp,1,0,128,1,10,2048,111988.0,0.0,111988,111988
bmi+tcp,1,0,128,1,10,4096,100031.0,0.0,100031,100031
bmi+tcp,1,0,128,1,10,8192,115951.0,0.0,115951,115951
bmi+tcp,1,0,256,1,10,256,153396.0,0.0,153396,153396
bmi+tcp,1,0,256,1,10,512,137374.0,0.0,137374,137374
bmi+tcp,1,0,256,1,10,1024,135659.0,0.0,135659,135659
bmi+tcp,1,0,256,1,10,2048,115019.0,0.0,115019,115019
bmi+tcp,1,0,256,1,10,4096,146308.0,0.0,146308,146308
bmi+tcp,1,0,256,1,10,8192,127925.0,0.0,127925,127925
bmi+tcp,1,0,512,1,10,256,148042.0,0.0,148042,148042
bmi+tcp,1,0,512,1,10,512,196095.0,0.0,196095,196095
bmi+tcp,1,0,512,1,10,1024,171525.0,0.0,171525,171525
bmi+tcp,1,0,512,1,10,2048,178368.0,0.0,178368,178368
bmi+tcp,1,0,512,1,10,4096,168031.0,0.0,168031,168031
bmi+tcp,1,0,512,1,10,8192,137619.0,0.0,137619,137619
bmi+tcp,1,0,1024,1,10,256,189220.0,0.0,189220,189220
bmi+tcp,1,0,1024,1,10,512,199870.0,0.0,199870,199870
bmi+tcp,1,0,1024,1,10,1024,212219.0,0.0,212219,212219
psm+psm,0,0,16,10,10,256,34169.0,8133.0,17219,43978
psm+psm,0,0,16,10,10,512,40996.0,24202.8,26451,111481
psm+psm,0,0,16,10,10,1024,32770.0,9495.7,17406,55744
psm+psm,0,0,16,10,10,2048,30711.0,4719.8,24167,38287
psm+psm,0,0,16,10,10,4096,33928.0,6603.3,26621,48556
psm+psm,0,0,16,10,10,8192,33428.0,6800.2,27956,47910
psm+psm,0,0,32,10,10,256,71261.0,27180.0,31508,109243
psm+psm,0,0,32,10,10,512,57264.0,15132.7,33118,86901
psm+psm,0,0,32,10,10,1024,69929.0,37978.8,32111,132254
psm+psm,0,0,32,10,10,2048,75369.0,32297.2,38056,128649
psm+psm,0,0,32,10,10,4096,101943.0,59957.7,42646,249588
psm+psm,0,0,32,10,10,8192,87625.0,36542.9,37294,150723
psm+psm,0,0,64,10,10,256,148231.0,45435.8,90147,219461
psm+psm,0,0,64,10,10,512,80685.0,24963.2,51982,120912
psm+psm,0,0,64,10,10,1024,102029.0,46022.3,44082,223715
psm+psm,0,0,64,10,10,2048,82038.0,26762.5,50774,121916
psm+psm,0,0,64,10,10,4096,92992.0,37999.8,47820,181977
psm+psm,0,0,64,10,10,8192,103583.0,24544.9,59910,149256
psm+psm,0,0,128,10,10,256,171615.0,38947.7,129255,262193
psm+psm,0,0,128,10,10,512,170013.0,39564.0,105720,231784
psm+psm,0,0,128,10,10,1024,165834.0,31069.0,113627,214271
psm+psm,0,0,128,10,10,2048,176132.0,24628.3,137668,224812
psm+psm,0,0,128,10,10,4096,183406.0,44670.3,128548,288168
psm+psm,0,0,128,10,10,8192,168736.0,51778.1,120969,255151
psm+psm,0,0,256,10,10,256,219821.0,31752.4,170604,272546
psm+psm,0,0,256,10,10,512,230511.0,58652.1,166261,354565
psm+psm,0,0,256,10,10,1024,209157.0,42101.3,148430,290829
psm+psm,0,0,256,10,10,2048,238085.0,79971.6,173336,447005
psm+psm,0,0,256,10,10,4096,241980.0,37959.6,163990,308747
psm+psm,0,0,256,10,10,8192,245252.0,66091.9,142180,337690
psm+psm,0,0,512,10,10,256,277593.0,42367.9,201219,354721
psm+psm,0,0,512,10,10,512,278018.0,43971.8,212131,362696
psm+psm,0,0,512,10,10,1024,273273.0,35497.9,212264,351754
psm+psm,0,0,512,10,10,2048,274261.0,37722.6,226759,328277
psm+psm,0,0,512,10,10,4096,279588.0,27372.5,226185,324087
psm+psm,0,0,512,10,10,8192,261136.0,37989.4,210301,321539
psm+psm,0,0,1024,10,10,256,339259.0,80201.5,226856,450290
psm+psm,0,0,1024,10,10,512,296485.0,58252.4,229071,440902
psm+psm,0,0,1024,10,10,1024,311967.0,52825.9,232481,422926
psm+psm,0,0,1024,10,10,2048,324703.0,50170.3,220551,405247
psm+psm,0,0,1024,10,10,4096,344183.0,43019.2,260309,428024
psm+psm,0,0,1024,10,10,8192,279618.0,29202.3,225474,322793
psm+psm,0,0,2048,10,10,256,353858.0,40836.5,294445,431001
psm+psm,0,0,2048,10,10,512,411941.0,86378.1,282451,547594
psm+psm,0,0,2048,10,10,1024,356106.0,59404.0,281968,485176
psm+psm,0,0,2048,10,10,2048,363955.0,51075.1,270566,446836
psm+psm,0,0,2048,10,10,4096,349921.0,62481.3,283085,512600
psm+psm,0,0,2048,10,10,8192,389632.0,48240.8,310209,508726
psm+psm,1,0,16,10,10,256,105867.0,15483.0,80895,135707
psm+psm,1,0,16,10,10,512,92408.0,19883.6,67900,126671
psm+psm,1,0,16,10,10,1024,89591.0,18953.7,58841,120066
psm+psm,1,0,16,10,10,2048,92369.0,12236.6,75780,112002
psm+psm,1,0,16,10,10,4096,96379.0,11578.1,71808,116005
psm+psm,1,0,16,10,10,8192,88368.0,12545.2,71790,108200
psm+psm,1,0,32,10,10,256,164014.0,30403.4,116147,218101
psm+psm,1,0,32,10,10,512,157577.0,56275.5,88623,264039
psm+psm,1,0,32,10,10,1024,162385.0,19107.4,127830,192065
psm+psm,1,0,32,10,10,2048,145982.0,23086.5,100006,183569
psm+psm,1,0,32,10,10,4096,146211.0,28641.9,103832,192111
psm+psm,1,0,32,10,10,8192,152099.0,30521.2,120424,224188
psm+psm,1,0,64,10,10,256,183999.0,43639.8,124403,273016
psm+psm,1,0,64,10,10,512,189568.0,51347.0,107121,287349
psm+psm,1,0,64,10,10,1024,171585.0,34261.6,114879,232405
psm+psm,1,0,64,10,10,2048,185992.0,51514.4,126685,274922
psm+psm,1,0,64,10,10,4096,176401.0,42403.5,113641,248159
psm+psm,1,0,64,10,10,8192,174829.0,49231.6,118808,271683
psm+psm,1,0,128,10,10,256,258549.0,41148.8,209664,356063
psm+psm,1,0,128,10,10,512,274778.0,31119.1,227852,330077
psm+psm,1,0,128,10,10,1024,268027.0,44013.0,176288,323793
psm+psm,1,0,128,10,10,2048,268790.0,66075.4,193780,419905
psm+psm,1,0,128,10,10,4096,263952.0,37862.3,197769,307789
psm+psm,1,0,128,10,10,8192,281812.0,47631.5,226424,365948
psm+psm,1,0,256,10,10,256,304785.0,38839.4,240074,370029
psm+psm,1,0,256,10,10,512,316042.0,48103.2,260289,411774
psm+psm,1,0,256,10,10,1024,325981.0,59449.3,256606,439797
psm+psm,1,0,256,10,10,2048,338711.0,62541.8,268104,503671
psm+psm,1,0,256,10,10,4096,317760.0,31041.1,273030,367901
psm+psm,1,0,256,10,10,8192,313055.0,58629.2,234736,419242
psm+psm,1,0,512,10,10,256,389195.0,52853.2,312058,467884
psm+psm,1,0,512,10,10,512,418085.0,64157.3,315865,566218
psm+psm,1,0,512,10,10,1024,390777.0,52290.6,317590,449691
psm+psm,1,0,512,10,10,2048,380689.0,33587.2,319891,440878
psm+psm,1,0,512,10,10,4096,396071.0,56805.6,323903,516139
psm+psm,1,0,512,10,10,8192,392801.0,73093.5,259895,509535
psm+psm,1,0,1024,10,10,256,426930.0,31927.5,383810,479851
psm+psm,1,0,1024,10,10,512,466355.0,76650.2,383497,656190
psm+psm,1,0,1024,10,10,1024,470957.0,75492.6,390722,611636
psm+psm,1,0,1024,10,10,2048,448760.0,64655.6,352058,593582
psm+psm,1,0,1024,10,10,4096,426543.0,65890.5,339993,562641
psm+psm,1,0,1024,10,10,8192,476137.0,56530.3,386299,574647
psm+psm,1,0,2048,10,10,256,442998.0,32610.5,408929,516015
psm+psm,1,0,2048,10,10,512,442603.0,29564.9,383456,486680
psm+psm,1,0,2048,10,10,1024,429896.0,38148.7,351013,491859
psm+psm,1,0,2048,10,10,2048,440549.0,42297.2,385567,499278
psm+psm,1,0,2048,10,10,4096,468690.0,30362.2,419646,525420
psm+psm,1,0,2048,10,10,8192,427562.0,46039.0,369046,491573
