,runtype,run,nranks,epcnt,epoch1_wr_min,epoch1_wr_max,epoch2_wr_min,epoch2_wr_max,epoch3_wr_min,epoch3_wr_max,epoch4_wr_min,epoch4_wr_max,epoch5_wr_min,epoch5_wr_max,epoch6_wr_min,epoch6_wr_max,epoch7_wr_min,epoch7_wr_max,epoch8_wr_min,epoch8_wr_max,load_std,wr_dropped,epoch5_tmin,epoch5_tmax,epoch6_tmin,epoch6_tmax,epoch7_tmin,epoch7_tmax,epoch8_tmin,epoch8_tmax,epoch9_tmin,epoch9_tmax,epoch10_tmin,epoch10_tmax,epoch11_tmin,epoch11_tmax,epoch12_tmin,epoch12_tmax,max_fin_dura,total_io_time,epoch9_wr_min,epoch9_wr_max,epoch1_tmin,epoch1_tmax,epoch2_tmin,epoch2_tmax,epoch3_tmin,epoch3_tmax,epoch4_tmin,epoch4_tmax,epoch10_wr_min,epoch10_wr_max,epoch11_wr_min,epoch11_wr_max,epoch12_wr_min,epoch12_wr_max
0,network-suite-psm,3,256,12,6500000,6600000,6500000.0,6600000.0,6500000.0,7100000.0,6000000.0,6600000.0,6500000.0,6600000.0,6500000.0,6600000.0,6500000.0,6600000.0,6500000.0,6600000.0,0,0,32212.000000000004,49116.0,27794.0,49408.0,28889.0,50020.0,27831.0,47984.0,28147.0,49172.0,28308.0,49440.0,27652.0,48310.0,28034.0,47880.0,3.108,596116.0059999999,,,,,,,,,,,,,,,,
1,network-suite-psm,3,512,12,6500000,6600000,6500000.0,6600000.0,6500000.0,6600000.0,6500000.0,6600000.0,6500000.0,6600000.0,6500000.0,6600000.0,6500000.0,6600000.0,6500000.0,6600000.0,0,0,24020.0,62204.0,23488.0,63388.0,23889.0,64105.00000000001,28822.0,66808.0,32403.0,66914.0,27265.0,68356.0,23808.0,61100.0,28921.0,62488.0,3.2529999999999997,735219.209,,,,,,,,,,,,,,,,
2,network-suite-psm,3,128,12,6500000,6600000,6500000.0,6600000.0,6500000.0,6600000.0,6500000.0,6600000.0,6500000.0,6600000.0,6500000.0,6600000.0,6500000.0,6600000.0,6500000.0,6600000.0,0,0,54780.0,58692.0,56084.0,59300.0,52378.0,56888.0,52779.0,57020.0,53996.0,57280.0,52156.0,56632.0,52956.0,57508.0,53992.0,56869.0,2.235,698510.03,,,,,,,,,,,,,,,,
3,network-suite-psm,2,512,12,6500000,6600000,6500000.0,6600000.0,6500000.0,6600000.0,6500000.0,6600000.0,6500000.0,6600000.0,6500000.0,6600000.0,6500000.0,6600000.0,6500000.0,6600000.0,0,0,27074.0,54049.0,25023.0,64099.99999999999,24300.0,64691.99999999999,27757.0,67552.0,24179.0,68804.0,23526.0,63116.0,24178.0,64566.99999999999,29531.0,68914.0,3.099,738291.485,,,,,,,,,,,,,,,,
4,network-suite-psm,3,32,12,6500000,6600000,6500000.0,6600000.0,6500000.0,6600000.0,6500000.0,6600000.0,6500000.0,6600000.0,6500000.0,6600000.0,6500000.0,6600000.0,6500000.0,6600000.0,0,0,90238.0,94332.0,93101.0,96248.0,89896.0,93580.0,90429.0,92936.0,91552.0,96216.0,91493.0,95459.0,91365.0,95464.0,92676.0,96848.0,3.42,1161684.706,,,,,,,,,,,,,,,,
5,network-suite-psm,3,16,12,6500000,6600000,6500000.0,6600000.0,6500000.0,6600000.0,6500000.0,6600000.0,6500000.0,6600000.0,6500000.0,6600000.0,6500000.0,6600000.0,6500000.0,6600000.0,0,0,29012.0,29052.0,32924.0,32972.0,28705.0,28732.0,29508.0,29548.0,28905.0,28960.0,28768.0,28840.0,29340.0,29396.0,28536.0,28572.0,0.8069999999999999,357974.09900000005,6500000.0,6600000.0,,,,,,,,,,,,,,
6,network-suite-psm,3,64,12,6500000,6600000,6500000.0,6600000.0,6500000.0,6600000.0,6500000.0,6600000.0,6500000.0,6600000.0,6500000.0,6600000.0,6500000.0,6600000.0,6500000.0,6600000.0,0,0,71536.0,72352.0,70772.0,73004.0,69077.0,72428.0,70737.0,73163.0,68936.0,75692.0,68896.0,73632.0,68416.0,74004.0,69305.0,71568.0,2.601,900678.156,,,,,,,,,,,,,,,,
7,network-suite-psm,1,512,6,6500000,6600000,6500000.0,6600000.0,6500000.0,6600000.0,6500000.0,6600000.0,6500000.0,6600000.0,6500000.0,6600000.0,,,,,0,0,29208.0,69993.0,36659.0,69128.0,,,,,,,,,,,,,4.872,439070.51999999996,,,22372.0,71644.0,38873.0,78248.0,47601.0,75284.0,36906.0,74768.0,,,,,,
8,network-suite-psm,1,64,12,6500000,6600000,6500000.0,6600000.0,6500000.0,6600000.0,6500000.0,6600000.0,6500000.0,6600000.0,6500000.0,6600000.0,6500000.0,6600000.0,6500000.0,6600000.0,0,0,69500.0,77609.0,68477.0,77168.0,69644.0,75092.0,69305.0,72444.0,69213.0,71784.0,67813.0,72204.0,69427.0,73793.0,68597.0,74021.0,0.823,906300.202,,,,,,,,,,,,,,,,
9,network-suite-psm,1,512,3,6500000,6600000,6500000.0,6600000.0,6500000.0,6600000.0,,,,,,,,,,,0,0,,,,,,,,,,,,,,,,,3.5100000000000002,217193.737,,,25506.0,65474.00000000001,37870.0,76816.0,37084.0,74900.0,,,,,,,,
10,network-suite-psm,1,512,1,6500000,6600000,,,,,,,,,,,,,,,0,0,,,,,,,,,,,,,,,,,5.071,71597.608,,,22469.0,71593.0,,,,,,,,,,,,
11,network-suite-psm,2,32,12,6500000,6600000,6500000.0,6600000.0,6500000.0,6600000.0,6500000.0,6600000.0,6500000.0,6600000.0,6500000.0,6600000.0,6500000.0,6600000.0,6500000.0,6600000.0,0,0,92049.0,95228.0,92096.0,96911.0,91892.0,96076.0,91748.0,96118.0,93020.0,96575.0,92580.0,96184.0,92260.0,96412.0,92401.0,96256.0,3.487,1175764.0389999999,6500000.0,6600000.0,,,,,,,,,,,,,,
12,network-suite-psm,2,256,12,6500000,6600000,6500000.0,6600000.0,6500000.0,6600000.0,6500000.0,6600000.0,6500000.0,6600000.0,6500000.0,6600000.0,6500000.0,6600000.0,6500000.0,6600000.0,0,0,28412.0,50300.0,28379.0,49988.0,27936.0,50688.0,28435.0,48992.0,28417.0,48405.0,37072.0,49072.0,28235.0,49792.0,28090.0,48528.0,2.876,601274.968,,,,,,,,,,,,,,,,
13,network-suite-psm,2,512,1,6500000,6600000,,,,,,,,,,,,,,,0,0,,,,,,,,,,,,,,,,,4.518000000000001,60908.845,,,25859.0,60904.0,,,,,,,,,,,,
14,network-suite-psm,2,16,12,6500000,6600000,6500000.0,6600000.0,6500000.0,6600000.0,6500000.0,6600000.0,6500000.0,6600000.0,6500000.0,6600000.0,6500000.0,6600000.0,6500000.0,6600000.0,0,0,29588.0,29640.0,28596.0,28652.0,29220.0,29256.0,28676.0,28720.0,28820.0,28868.0,28160.0,28192.0,28220.0,28280.0,27164.0,27216.0,0.846,345220.813,6500000.0,6600000.0,,,,,,,,,,,,,,
15,network-suite-psm,1,32,12,6500000,6600000,6500000.0,6600000.0,6500000.0,6600000.0,6500000.0,6600000.0,6500000.0,6600000.0,6500000.0,6600000.0,6500000.0,6600000.0,6500000.0,6600000.0,0,0,92284.0,96040.0,93171.0,96645.0,91671.0,95316.0,90037.0,94244.0,92820.0,95824.0,90156.0,94264.0,92577.0,96072.0,90385.0,94572.0,0.666,1163745.1739999999,,,,,,,,,,,,,,,,
16,network-suite-psm,1,16,12,6500000,6600000,6500000.0,6600000.0,6500000.0,6600000.0,6500000.0,6600000.0,6500000.0,6600000.0,6500000.0,6600000.0,6500000.0,6600000.0,6500000.0,6600000.0,0,0,27228.0,27280.0,27012.0,27036.0,28132.0,28160.0,27168.0,27212.0,27992.0,28048.0,26224.0,26276.0,27360.0,27416.0,29516.0,29548.0,4.4079999999999995,319360.12299999996,6500000.0,6600000.0,,,,,,,,,,,,,,
17,network-suite-psm,1,512,9,6500000,6600000,6500000.0,6600000.0,6500000.0,6600000.0,6500000.0,6600000.0,6500000.0,6600000.0,6500000.0,6600000.0,6500000.0,6600000.0,6500000.0,6600000.0,0,0,32813.0,70936.0,29910.0,70253.0,30658.0,69506.0,26809.0,66880.0,36293.0,63460.0,,,,,,,3.301,642506.018,6500000.0,6600000.0,23034.0,71424.0,39011.0,81299.0,37598.0,77644.0,36948.0,71100.0,,,,,,
18,network-suite-psm,2,128,12,6500000,6600000,6500000.0,6600000.0,6500000.0,6600000.0,6500000.0,6600000.0,6500000.0,6600000.0,6500000.0,6600000.0,6500000.0,6600000.0,6500000.0,6600000.0,0,0,54376.0,57721.0,55008.0,58672.0,55102.0,60200.0,53776.0,57476.0,54681.0,58028.0,54716.0,57513.0,54237.0,57280.0,51384.0,56208.0,2.732,705747.36,,,,,,,,,,,,,,,,
19,network-suite-psm,2,64,12,6500000,6600000,6500000.0,6600000.0,6500000.0,6600000.0,6500000.0,6600000.0,6500000.0,6600000.0,6500000.0,6600000.0,6500000.0,6600000.0,6500000.0,6600000.0,0,0,71164.0,74884.0,70500.0,76280.0,69751.0,77156.0,70104.0,74115.0,69592.0,75588.0,69028.0,71896.0,69676.0,70600.0,69539.0,71306.0,0.812,906234.626,,,,,,,,,,,,,,,,
20,network-suite-psm,1,512,12,6500000,6600000,6500000.0,6600000.0,6500000.0,6600000.0,6500000.0,6600000.0,6500000.0,6600000.0,6500000.0,6600000.0,6500000.0,6600000.0,6500000.0,6600000.0,0,0,24123.0,61756.0,30398.0,65763.0,23357.0,64013.99999999999,23969.0,63096.0,23360.0,68976.0,26105.0,66755.0,25508.0,63636.0,34479.0,69960.0,2.848,754407.4940000001,,,,,,,,,,,,,,,,
21,network-suite-psm,1,256,12,6500000,6600000,6500000.0,6600000.0,6500000.0,6600000.0,6500000.0,6600000.0,6500000.0,6600000.0,6500000.0,6600000.0,6500000.0,6600000.0,6500000.0,6600000.0,0,0,29528.0,50112.0,27652.0,49120.0,28518.0,50799.0,28472.0,49320.0,28610.0,48580.0,27937.0,48432.0,27640.0,49180.0,27906.0,48332.0,2.8449999999999998,605428.979,,,,,,,,,,,,,,,,
22,network-suite-psm,2,512,3,6500000,6600000,6500000.0,6600000.0,6500000.0,6600000.0,,,,,,,,,,,0,0,,,,,,,,,,,,,,,,,4.338,225138.02899999998,,,23800.0,71496.0,37191.0,77977.0,38182.0,75661.0,,,,,,,,
23,network-suite-psm,1,128,12,6500000,6600000,6500000.0,6600000.0,6500000.0,6600000.0,6500000.0,6600000.0,6500000.0,6600000.0,6500000.0,6600000.0,6500000.0,6600000.0,6500000.0,6600000.0,0,0,55624.0,58747.0,54004.0,57796.0,54502.0,57388.0,54104.0,57480.0,53900.0,58028.0,51899.0,56496.0,54392.0,58576.0,53585.0,57152.0,0.829,702976.1479999999,,,,,,,,,,,,,,,,
24,datascale-runs,3,512,1,6500000,6600000,,,,,,,,,,,,,,,0,0,,,,,,,,,,,,,,,,,6590.393,116478.448,,,109198.0,109888.0,,,,,,,,,,,,
25,datascale-runs,2,512,3,6500000,6600000,6500000.0,6600000.0,6500000.0,6600000.0,,,,,,,,,,,0,0,,,,,,,,,,,,,,,,,56676.59299999999,369689.639,,,113792.0,114482.0,95157.0,95719.0,102228.0,102811.0,,,,,,,,
26,datascale-runs,3,512,12,6500000,6600000,6500000.0,6600000.0,6500000.0,6600000.0,6500000.0,6600000.0,6500000.0,6600000.0,6500000.0,6600000.0,6500000.0,6600000.0,6500000.0,6600000.0,0,0,157076.0,157684.0,115622.0,116426.0,147115.0,147624.0,85436.0,86110.0,154674.0,155473.0,125892.0,126825.0,107352.0,108094.0,148762.0,149351.0,1851.2759999999998,1500975.4579999999,6500000.0,6600000.0,127928.0,128734.00000000001,85601.0,86502.0,156346.0,157024.0,78404.0,79278.0,6500000.0,6600000.0,6500000.0,6600000.0,6500000.0,6600000.0
27,datascale-runs,4,512,1,6500000,6600000,,,,,,,,,,,,,,,0,0,,,,,,,,,,,,,,,,,16932.234999999997,110096.517,,,92429.0,93164.0,,,,,,,,,,,,
28,datascale-runs,2,512,9,6500000,6600000,6500000.0,6600000.0,6500000.0,6600000.0,6500000.0,6600000.0,6500000.0,6600000.0,6500000.0,6600000.0,6500000.0,6600000.0,6500000.0,6600000.0,0,0,151643.0,152628.0,128158.99999999999,129217.99999999999,137239.0,137913.0,136443.0,138231.0,146379.0,147350.0,,,,,,,21962.866,1236533.398,6500000.0,6600000.0,99638.0,100819.0,119996.0,120715.0,147555.0,148351.0,138696.0,139347.0,,,,,,
29,datascale-runs,3,512,6,6500000,6600000,6500000.0,6600000.0,6500000.0,6600000.0,6500000.0,6600000.0,6500000.0,6600000.0,6500000.0,6600000.0,,,,,0,0,167901.0,168840.0,133213.0,133858.0,,,,,,,,,,,,,39020.865,897922.548,,,85081.0,85647.0,123992.0,124791.0,186668.0,187382.0,157667.0,158384.0,,,,,,
30,datascale-runs,1,512,3,6500000,6600000,6500000.0,6600000.0,6500000.0,6600000.0,,,,,,,,,,,0,0,,,,,,,,,,,,,,,,,44226.182,382094.482,,,108043.0,108548.0,109523.0,110198.0,118558.0,119122.0,,,,,,,,
31,datascale-runs,1,512,12,6500000,6600000,6500000.0,6600000.0,6500000.0,6600000.0,6500000.0,6600000.0,6500000.0,6600000.0,6500000.0,6600000.0,6500000.0,6600000.0,6500000.0,6600000.0,0,0,104380.0,105248.0,128107.0,128743.0,136542.0,137218.0,127805.0,128669.99999999999,116126.0,116765.0,138553.0,139300.0,144399.0,145037.0,124504.0,125279.0,9241.098,1523970.5899999999,6500000.0,6600000.0,121256.0,121935.0,107868.0,108564.0,105572.0,107340.0,150123.0,150631.0,6500000.0,6600000.0,6500000.0,6600000.0,6500000.0,6600000.0
32,datascale-runs,4,512,3,6500000,6600000,6500000.0,6600000.0,6500000.0,6600000.0,,,,,,,,,,,0,0,,,,,,,,,,,,,,,,,9964.159,352123.18299999996,,,106197.0,106807.0,101667.0,102236.0,132545.0,133117.0,,,,,,,,
33,datascale-runs,5,512,1,6500000,6600000,,,,,,,,,,,,,,,0,0,,,,,,,,,,,,,,,,,11230.928,107634.829,,,95717.0,96404.0,,,,,,,,,,,,
34,datascale-runs,3,512,3,6500000,6600000,6500000.0,6600000.0,6500000.0,6600000.0,,,,,,,,,,,0,0,,,,,,,,,,,,,,,,,7866.673,352477.597,,,73743.0,82061.0,114972.0,115999.0,146010.0,146551.0,,,,,,,,
35,datascale-runs,6,512,6,6500000,6600000,6500000.0,6600000.0,6500000.0,6600000.0,6500000.0,6600000.0,6500000.0,6600000.0,6500000.0,6600000.0,,,,,0,0,127575.0,128352.0,142828.0,143852.0,,,,,,,,,,,,,8202.93,771009.674,,,82367.0,84533.0,125090.0,125894.0,143712.0,144650.0,134844.0,135524.0,,,,,,
36,datascale-runs,5,512,9,6500000,6600000,6500000.0,6600000.0,6500000.0,6600000.0,6500000.0,6600000.0,6500000.0,6600000.0,6500000.0,6600000.0,6500000.0,6600000.0,6500000.0,6600000.0,0,0,139688.0,140758.0,115837.0,116520.0,139493.0,140187.0,85912.0,86880.0,147730.0,148476.0,,,,,,,9993.357,1115628.05,6500000.0,6600000.0,94653.0,102200.0,107467.0,113215.0,125156.0,126023.0,130675.00000000001,131375.0,,,,,,
37,datascale-runs,4,512,6,6500000,6600000,6500000.0,6600000.0,6500000.0,6600000.0,6500000.0,6600000.0,6500000.0,6600000.0,6500000.0,6600000.0,,,,,0,0,151212.0,152159.0,109076.0,109915.0,,,,,,,,,,,,,44846.511,775430.931,,,89038.0,90039.0,117245.0,119162.0,153126.0,154118.0,104438.0,105191.0,,,,,,
38,datascale-runs,4,512,9,6500000,6600000,6500000.0,6600000.0,6500000.0,6600000.0,6500000.0,6600000.0,6500000.0,6600000.0,6500000.0,6600000.0,6500000.0,6600000.0,6500000.0,6600000.0,0,0,110972.0,112226.0,143425.0,144153.0,141405.0,142404.0,137895.0,138541.0,122452.0,123184.0,,,,,,,25867.335,1175704.4100000001,6500000.0,6600000.0,73679.0,80020.0,120908.0,121600.0,152437.0,153161.0,133948.0,134548.0,,,,,,
39,datascale-runs,5,512,6,6500000,6600000,6500000.0,6600000.0,6500000.0,6600000.0,6500000.0,6600000.0,6500000.0,6600000.0,6500000.0,6600000.0,,,,,0,0,149839.0,150649.0,101074.0,101802.0,,,,,,,,,,,,,55551.958,766258.309,,,87746.0,88388.0,135761.0,136372.0,125989.0,126664.0,106198.0,106831.0,,,,,,
40,datascale-runs,2,512,1,6500000,6600000,,,,,,,,,,,,,,,0,0,,,,,,,,,,,,,,,,,7329.456999999999,148649.713,,,140637.0,141320.0,,,,,,,,,,,,
41,datascale-runs,3,512,9,6500000,6600000,6500000.0,6600000.0,6500000.0,6600000.0,6500000.0,6600000.0,6500000.0,6600000.0,6500000.0,6600000.0,6500000.0,6600000.0,6500000.0,6600000.0,0,0,165823.0,166491.0,148581.0,149255.0,135787.0,136699.0,111123.0,111753.0,161093.0,161686.0,,,,,,,17643.097,1240686.3129999998,6500000.0,6600000.0,113102.0,113708.0,116257.0,117379.0,165924.0,166644.0,98658.0,99428.0,,,,,,
42,datascale-runs,1,512,9,6500000,6600000,6500000.0,6600000.0,6500000.0,6600000.0,6500000.0,6600000.0,6500000.0,6600000.0,6500000.0,6600000.0,6500000.0,6600000.0,6500000.0,6600000.0,0,0,148767.0,149667.0,170808.0,171441.0,157852.0,158571.0,139006.0,139643.0,141308.0,142160.0,,,,,,,17921.833,1317044.37,6500000.0,6600000.0,97764.0,98255.0,131553.0,142107.0,154638.0,155261.0,141295.0,142019.0,,,,,,
43,datascale-runs,4,512,12,6500000,6600000,6500000.0,6600000.0,6500000.0,6600000.0,6500000.0,6600000.0,6500000.0,6600000.0,6500000.0,6600000.0,6500000.0,6600000.0,6500000.0,6600000.0,0,0,127803.0,128423.0,112584.0,113287.0,120032.0,120588.0,98446.0,102031.0,123433.0,124105.0,136391.0,137053.0,133890.0,134466.0,148585.0,149108.0,44240.11,1562440.4070000001,6500000.0,6600000.0,119285.0,120469.0,116335.0,117100.0,109504.0,110465.0,160212.0,161106.0,6500000.0,6600000.0,6500000.0,6600000.0,6500000.0,6600000.0
44,datascale-runs,2,512,6,6500000,6600000,6500000.0,6600000.0,6500000.0,6600000.0,6500000.0,6600000.0,6500000.0,6600000.0,6500000.0,6600000.0,,,,,0,0,138511.0,141995.0,115891.0,116689.0,,,,,,,,,,,,,15596.966999999999,732587.0750000001,,,86803.0,87950.0,105766.0,106520.0,146364.0,146980.0,116041.0,116856.0,,,,,,
45,datascale-runs,6,512,1,6500000,6600000,,,,,,,,,,,,,,,0,0,,,,,,,,,,,,,,,,,47852.477,132867.557,,,84354.0,85015.0,,,,,,,,,,,,
46,datascale-runs,2,512,12,6500000,6600000,6500000.0,6600000.0,6500000.0,6600000.0,6500000.0,6600000.0,6500000.0,6600000.0,6500000.0,6600000.0,6500000.0,6600000.0,6500000.0,6600000.0,0,0,104851.0,105593.0,103176.0,107258.0,124445.0,125239.0,129854.00000000001,130610.99999999999,103048.0,103960.0,109496.0,110404.0,102624.0,103425.0,115788.0,116489.0,25194.512,1368045.42,6500000.0,6600000.0,114108.0,114607.0,89785.0,94083.0,106626.0,109036.0,121457.0,122147.0,6500000.0,6600000.0,6500000.0,6600000.0,6500000.0,6600000.0
47,datascale-runs,1,512,6,6500000,6600000,6500000.0,6600000.0,6500000.0,6600000.0,6500000.0,6600000.0,6500000.0,6600000.0,6500000.0,6600000.0,,,,,0,0,147285.0,147983.0,148866.0,149652.0,,,,,,,,,,,,,25394.244,803116.986,,,109922.0,110654.0,98942.0,105050.0,139347.0,142528.0,121197.0,121857.0,,,,,,
48,datascale-runs,1,512,1,6500000,6600000,,,,,,,,,,,,,,,0,0,,,,,,,,,,,,,,,,,1088.763,115662.643,,,104046.0,114574.0,,,,,,,,,,,,
49,datascale-runs,6,512,12,6500000,6600000,6500000.0,6600000.0,6500000.0,6600000.0,6500000.0,6600000.0,6500000.0,6600000.0,6500000.0,6600000.0,6500000.0,6600000.0,6500000.0,6600000.0,0,0,114164.0,114737.0,134612.0,135118.0,103118.0,103910.0,109176.0,109800.0,126125.0,126777.0,112532.0,113218.0,131908.0,132597.0,115060.0,115764.0,29604.92,1411979.5140000002,6500000.0,6600000.0,92183.0,92855.0,105139.0,105885.0,117496.0,118194.0,112907.0,113520.0,6500000.0,6600000.0,6500000.0,6600000.0,6500000.0,6600000.0
50,datascale-runs,5,512,3,6500000,6600000,6500000.0,6600000.0,6500000.0,6600000.0,,,,,,,,,,,0,0,,,,,,,,,,,,,,,,,16061.243,416821.718,,,82950.0,83661.0,124243.0,124754.0,191594.0,192345.0,,,,,,,,
51,datascale-runs,6,512,9,6500000,6600000,6500000.0,6600000.0,6500000.0,6600000.0,6500000.0,6600000.0,6500000.0,6600000.0,6500000.0,6600000.0,6500000.0,6600000.0,6500000.0,6600000.0,0,0,157627.0,158554.0,143133.0,143804.0,127717.0,128398.0,147585.0,148549.0,134539.0,138756.0,,,,,,,39459.845,1244579.9079999998,6500000.0,6600000.0,102959.0,103712.0,114556.0,115160.0,113832.0,114533.0,152952.0,153655.0,,,,,,
52,datascale-runs,6,512,3,6500000,6600000,6500000.0,6600000.0,6500000.0,6600000.0,,,,,,,,,,,0,0,,,,,,,,,,,,,,,,,1295.145,350427.29600000003,,,96796.0,97560.0,108149.0,109032.0,141418.0,142539.0,,,,,,,,
53,datascale-runs,5,512,12,6500000,6600000,6500000.0,6600000.0,6500000.0,6600000.0,6500000.0,6600000.0,6500000.0,6600000.0,6500000.0,6600000.0,6500000.0,6600000.0,6500000.0,6600000.0,0,0,119171.0,119994.0,93737.0,94403.0,117621.0,118499.0,124221.0,124788.0,106090.0,106761.0,127806.0,128568.99999999999,116024.0,116625.0,119436.0,120076.0,46311.231,1433840.71,6500000.0,6600000.0,116153.0,116798.0,99812.0,100377.0,104215.0,104840.0,134968.0,135800.0,6500000.0,6600000.0,6500000.0,6600000.0,6500000.0,6600000.0
54,network-suite,3,256,12,6500000,6600000,6500000.0,6600000.0,6500000.0,6600000.0,6500000.0,6600000.0,6500000.0,6600000.0,6500000.0,6600000.0,6500000.0,6600000.0,6500000.0,6600000.0,0,0,19944.0,28891.0,20321.0,26076.0,19845.0,28412.0,19524.0,33703.0,19983.0,28688.0,19666.0,27832.0,20051.0,29116.0,19413.0,28704.0,1.6199999999999999,337807.73799999995,6500000.0,6600000.0,,,19723.0,25443.0,19948.0,28668.0,19426.0,29404.0,6500000.0,6600000.0,6500000.0,6600000.0,,
55,network-suite,3,512,12,6500000,6600000,6500000.0,6600000.0,6500000.0,6600000.0,6500000.0,6600000.0,6500000.0,6600000.0,6500000.0,6600000.0,6500000.0,6600000.0,6500000.0,6600000.0,0,0,20503.0,28224.0,31321.0,96408.0,62491.0,213048.0,63427.0,214438.0,45975.0,214684.0,59736.0,206208.0,54537.0,212956.0,53913.0,211934.0,5.944999999999999,1512163.214,6500000.0,6600000.0,21203.0,24496.0,21670.0,27078.0,20233.0,33504.0,21266.0,29179.0,6500000.0,6600000.0,6500000.0,6600000.0,6500000.0,6600000.0
56,network-suite,3,128,12,6500000,6600000,6500000.0,6600000.0,6500000.0,6600000.0,6500000.0,6600000.0,6500000.0,6600000.0,6500000.0,6600000.0,6500000.0,6600000.0,6500000.0,6600000.0,0,0,28678.0,42693.0,28344.0,41742.0,27725.0,44393.0,29342.0,41959.0,29386.0,40528.0,28622.0,44716.0,30125.0,44644.0,29870.0,42257.0,1.792,502468.621,6500000.0,6600000.0,,,29952.0,38371.0,29684.0,42692.0,30945.0,43293.0,6500000.0,6600000.0,6500000.0,6600000.0,,
57,network-suite,2,512,12,6500000,6600000,6500000.0,6600000.0,6500000.0,6600000.0,6500000.0,6600000.0,6500000.0,6600000.0,6500000.0,6600000.0,6500000.0,6600000.0,6500000.0,6600000.0,0,0,21414.0,28088.0,21763.0,30230.0,66841.0,140725.0,93227.0,183714.0,67410.0,187828.0,81850.0,179766.0,79082.0,183288.0,59293.0,188623.0,4.675000000000001,1226981.794,6500000.0,6600000.0,,,22060.0,26140.0,20266.0,26976.0,20455.0,27012.0,6500000.0,6600000.0,6500000.0,6600000.0,,
58,network-suite,3,32,12,6500000,6600000,6500000.0,6600000.0,6500000.0,6600000.0,6500000.0,6600000.0,6500000.0,6600000.0,6500000.0,6600000.0,6500000.0,6600000.0,6500000.0,6600000.0,0,0,70616.0,71429.0,74600.0,75073.0,75475.0,76438.0,72130.0,73175.0,72042.0,73012.0,72017.0,72994.0,73812.0,75094.0,72055.0,72156.0,0.71,880612.124,6500000.0,6600000.0,,,75867.0,75952.0,71986.0,72308.0,72467.0,72920.0,6500000.0,6600000.0,6500000.0,6600000.0,6500000.0,6600000.0
59,network-suite,3,16,12,6500000,6600000,6500000.0,6600000.0,6500000.0,6600000.0,6500000.0,6600000.0,6500000.0,6600000.0,6500000.0,6600000.0,6500000.0,6600000.0,6500000.0,6600000.0,0,0,15026.0,15030.0,15528.0,15530.0,15524.0,15543.0,15791.0,15808.0,16265.999999999998,16282.0,16346.0,16366.0,16271.999999999998,16286.000000000002,16007.000000000002,16023.0,0.629,180445.44400000002,6500000.0,6600000.0,11282.0,11291.0,13343.0,13364.0,14107.0,14111.0,14792.0,14810.0,6500000.0,6600000.0,6500000.0,6600000.0,6500000.0,6600000.0
60,network-suite,3,64,12,6500000,6600000,6500000.0,6600000.0,6500000.0,6600000.0,6500000.0,6600000.0,6500000.0,6600000.0,6500000.0,6600000.0,6500000.0,6600000.0,6500000.0,6600000.0,0,0,38022.0,62258.0,41637.0,66434.0,41524.0,64852.99999999999,42943.0,65379.00000000001,43805.0,61219.0,42262.0,67299.0,39807.0,64138.00000000001,44409.0,65161.0,2.441,757718.019,6500000.0,6600000.0,,,38798.0,61894.0,43250.0,64769.00000000001,40533.0,62195.0,6500000.0,6600000.0,6500000.0,6600000.0,,
61,network-suite,1,512,6,6500000,6600000,6500000.0,6600000.0,6500000.0,13100000.0,6500000.0,6600000.0,6500000.0,6600000.0,6500000.0,6600000.0,,,,,0,0,33071.0,122082.0,41744.0,126111.0,,,,,,,,,,,,,66.27199999999999,598448.574,,,20967.0,38618.0,19413.0,73682.0,28736.0,104125.0,36052.0,133764.0,,,,,,
62,network-suite,1,64,12,6500000,6600000,6500000.0,6600000.0,6500000.0,6600000.0,6500000.0,6600000.0,6500000.0,6600000.0,6500000.0,6600000.0,6500000.0,6600000.0,6500000.0,6600000.0,0,0,47492.0,56475.0,40223.0,60420.0,45097.0,60796.0,40591.0,63856.0,42380.0,59626.0,43362.0,63359.0,45073.0,63154.0,42912.0,65429.0,1.6800000000000002,724577.258,6500000.0,6600000.0,,,38999.0,58021.0,43210.0,57532.0,41144.0,60327.0,6500000.0,6600000.0,6500000.0,6600000.0,,
63,network-suite,4,512,12,6500000,6600000,6500000.0,6600000.0,6500000.0,6600000.0,6500000.0,6600000.0,6500000.0,6600000.0,6500000.0,6600000.0,6500000.0,6600000.0,6500000.0,6600000.0,0,0,21649.0,30656.0,21405.0,32308.999999999996,48106.0,130603.00000000001,115801.0,203940.0,85560.0,201330.0,88428.0,192095.0,62216.0,197417.0,99328.0,194214.0,5.507,1296308.072,6500000.0,6600000.0,20784.0,25247.0,21545.0,29507.0,21970.0,30079.0,21246.0,28907.0,6500000.0,6600000.0,6500000.0,6600000.0,6500000.0,6600000.0
64,network-suite,2,32,12,6500000,6600000,6500000.0,6600000.0,6500000.0,6600000.0,6500000.0,6600000.0,6500000.0,6600000.0,6500000.0,6600000.0,6500000.0,6600000.0,6500000.0,6600000.0,0,0,108060.0,112686.0,105369.0,109455.0,107439.0,111964.0,105295.0,110401.0,108590.0,112576.0,105922.0,111184.0,105559.0,109221.0,105021.0,109571.0,1.606,1304878.044,6500000.0,6600000.0,,,104640.0,106347.0,109245.0,113671.0,104999.0,110405.0,6500000.0,6600000.0,6500000.0,6600000.0,,
65,network-suite,2,256,12,6500000,6600000,6500000.0,6600000.0,6500000.0,6600000.0,6500000.0,6600000.0,6500000.0,6600000.0,6500000.0,6600000.0,6500000.0,6600000.0,6500000.0,6600000.0,0,0,20541.0,28868.0,19512.0,29292.0,19153.0,31448.0,19973.0,28019.0,19119.0,29757.0,19284.0,31072.0,18989.0,27984.0,19819.0,28140.0,2.857,338720.522,6500000.0,6600000.0,,,19755.0,25114.0,19998.0,25552.0,19819.0,28108.0,6500000.0,6600000.0,6500000.0,6600000.0,,
66,network-suite,1,32,1,6500000,6600000,,,,,,,,,,,,,,,0,0,,,,,,,,,,,,,,,,,58.564,77999.947,,,77878.0,77941.0,,,,,,,,,,,,
67,network-suite,2,512,1,6500000,6600000,,,,,,,,,,,,,,,0,0,,,,,,,,,,,,,,,,,5.025,177044.586,,,47677.0,177040.0,,,,,,,,,,,,
68,network-suite,2,16,12,6500000,6600000,6500000.0,6600000.0,6500000.0,6600000.0,6500000.0,6600000.0,6500000.0,6600000.0,6500000.0,6600000.0,6500000.0,6600000.0,6500000.0,6600000.0,0,0,14916.0,14937.0,15473.0,15494.0,15774.0,15782.0,15799.0,15813.0,16277.999999999998,16297.999999999998,16049.0,16065.999999999998,16222.000000000002,16241.0,16295.000000000002,16317.0,1.802,179817.189,6500000.0,6600000.0,10829.0,10835.0,13568.0,13584.0,14040.0,14050.0,14383.0,14397.0,6500000.0,6600000.0,6500000.0,6600000.0,6500000.0,6600000.0
69,network-suite,4,16,12,6500000,6600000,6500000.0,6600000.0,6500000.0,6600000.0,6500000.0,6600000.0,6500000.0,6600000.0,6500000.0,6600000.0,6500000.0,6600000.0,6500000.0,6600000.0,0,0,9948.0,9954.0,9903.0,9914.0,10028.0,10037.0,9998.0,10004.0,9964.0,9992.0,10137.0,10148.0,10892.0,10910.0,11490.0,11503.0,1.607,122171.068,6500000.0,6600000.0,9134.0,9138.0,10589.0,10592.0,10037.0,10051.0,9924.0,9926.0,6500000.0,6600000.0,6500000.0,6600000.0,6500000.0,6600000.0
70,network-suite,4,128,12,6500000,6600000,6500000.0,6600000.0,6500000.0,6600000.0,6500000.0,6600000.0,6500000.0,6600000.0,6500000.0,6600000.0,6500000.0,6600000.0,6500000.0,6600000.0,0,0,26391.0,44715.0,27761.0,43079.0,27484.0,41063.0,29015.0,43269.0,27699.0,46860.0,27916.0,44672.0,26906.0,42191.0,26259.0,45109.0,0.9309999999999999,509251.283,6500000.0,6600000.0,,,,,27709.0,41504.0,27963.0,42957.0,6500000.0,6600000.0,6500000.0,6600000.0,,
71,network-suite,1,32,12,6500000,6600000,6500000.0,6600000.0,6500000.0,6600000.0,6500000.0,6600000.0,6500000.0,6600000.0,6500000.0,6600000.0,6500000.0,6600000.0,6500000.0,6600000.0,0,0,75262.0,76893.0,71313.0,72642.0,74901.0,75568.0,72319.0,72955.0,75122.0,77125.0,74986.0,76628.0,76583.0,78247.0,75441.0,75562.0,0.6920000000000001,891730.305,6500000.0,6600000.0,,,70620.0,70901.0,72072.0,72530.0,72374.0,72631.0,6500000.0,6600000.0,6500000.0,6600000.0,6500000.0,6600000.0
72,network-suite,1,16,12,6500000,6600000,6500000.0,6600000.0,6500000.0,6600000.0,6500000.0,6600000.0,6500000.0,6600000.0,6500000.0,6600000.0,6500000.0,6600000.0,6500000.0,6600000.0,0,0,10795.0,10803.0,10522.0,10539.0,10593.0,10620.0,10716.0,10728.0,10613.0,10638.0,10993.0,10996.0,11616.0,11634.0,12075.0,12085.0,0.536,129136.043,6500000.0,6600000.0,9108.0,9116.0,10868.0,10877.0,10474.0,10490.0,10600.0,10610.0,6500000.0,6600000.0,6500000.0,6600000.0,6500000.0,6600000.0
73,network-suite,4,64,12,6500000,6600000,6500000.0,6600000.0,6500000.0,6600000.0,6500000.0,6600000.0,6500000.0,6600000.0,6500000.0,6600000.0,6500000.0,6600000.0,6500000.0,6600000.0,0,0,50678.0,62425.0,44429.0,66152.0,44507.0,68132.0,44676.0,66726.0,51870.0,60641.0,44988.0,62203.0,47523.0,65732.0,47770.0,61508.0,1.788,753108.501,6500000.0,6600000.0,,,,,44570.0,64970.0,46091.0,63631.0,6500000.0,6600000.0,6500000.0,6600000.0,,
74,network-suite,4,256,12,6500000,6600000,6500000.0,6600000.0,6500000.0,6600000.0,6500000.0,6600000.0,6500000.0,6600000.0,6500000.0,6600000.0,6500000.0,6600000.0,6500000.0,6600000.0,0,0,18556.0,27928.0,20047.0,30488.0,21142.0,28000.0,20500.0,28112.0,20436.0,28475.0,20260.0,28168.0,19348.0,29740.0,20604.0,30290.0,1.917,335744.28599999996,6500000.0,6600000.0,,,,,20294.0,25860.0,20422.0,27408.0,6500000.0,6600000.0,6500000.0,6600000.0,,
75,network-suite,2,128,12,6500000,6600000,6500000.0,6600000.0,6500000.0,6600000.0,6500000.0,6600000.0,6500000.0,6600000.0,6500000.0,6600000.0,6500000.0,6600000.0,6500000.0,6600000.0,0,0,28408.0,41744.0,28783.0,43880.0,24853.0,42898.0,27479.0,45330.0,26701.0,43072.0,27624.0,42355.0,26729.0,44836.0,26580.0,42580.0,1.955,500742.97000000003,6500000.0,6600000.0,,,29747.0,40088.0,29323.0,38444.0,25522.0,41364.0,6500000.0,6600000.0,6500000.0,6600000.0,,
76,network-suite,2,64,12,6500000,6600000,6500000.0,6600000.0,6500000.0,6600000.0,6500000.0,6600000.0,6500000.0,6600000.0,6500000.0,6600000.0,6500000.0,6600000.0,6500000.0,6600000.0,0,0,45698.0,47678.0,46084.0,49743.0,40890.0,50249.0,45079.0,48527.0,43407.0,47718.0,44025.0,51247.0,44279.0,50051.0,42742.0,48219.0,2.626,591461.351,6500000.0,6600000.0,,,45117.0,47548.0,43879.0,48304.0,44672.0,54909.0,6500000.0,6600000.0,6500000.0,6600000.0,,
77,network-suite,1,512,12,6500000,6600000,6500000.0,6600000.0,6500000.0,6600000.0,6500000.0,6600000.0,6500000.0,6600000.0,6500000.0,6600000.0,6500000.0,6600000.0,6500000.0,6600000.0,0,0,21794.0,27952.0,22326.0,32043.0,21194.0,34436.0,59958.0,210060.0,53397.0,212370.0,56147.0,213115.0,54443.0,208762.0,55729.0,210046.0,5.315,1255826.758,6500000.0,6600000.0,,,21809.0,26266.0,21048.0,28395.0,21502.0,28391.0,6500000.0,6600000.0,6500000.0,6600000.0,,
78,network-suite,1,256,12,6500000,6600000,6500000.0,6600000.0,6500000.0,6600000.0,6500000.0,6600000.0,6500000.0,6600000.0,6500000.0,6600000.0,6500000.0,6600000.0,6500000.0,6600000.0,0,0,20195.0,27666.0,20448.0,26248.0,20737.0,27608.0,20762.0,27508.0,20268.0,27284.0,19861.0,28868.0,21012.0,31056.0,20277.0,30400.0,2.096,335680.641,6500000.0,6600000.0,,,20204.0,25867.0,20885.0,30020.0,20268.0,28480.0,6500000.0,6600000.0,6500000.0,6600000.0,,
79,network-suite,2,512,3,6500000,6600000,6500000.0,6600000.0,6500000.0,6600000.0,,,,,,,,,,,0,0,,,,,,,,,,,,,,,,,3.659,665036.694,,,50856.0,216061.0,63995.0,230395.0,71523.0,218577.0,,,,,,,,
80,network-suite,1,128,12,6500000,6600000,6500000.0,6600000.0,6500000.0,6600000.0,6500000.0,6600000.0,6500000.0,6600000.0,6500000.0,6600000.0,6500000.0,6600000.0,6500000.0,6600000.0,0,0,27740.0,42820.0,26237.0,41241.0,28045.0,40875.0,24504.0,41010.0,28587.0,41162.0,27873.0,45806.0,29105.0,41726.0,26418.0,43872.0,1.73,504061.174,6500000.0,6600000.0,,,27870.0,42998.0,29400.0,41620.0,27800.0,44583.0,6500000.0,6600000.0,6500000.0,6600000.0,,
81,network-suite,4,32,12,6500000,6600000,6500000.0,6600000.0,6500000.0,6600000.0,6500000.0,6600000.0,6500000.0,6600000.0,6500000.0,6600000.0,6500000.0,6600000.0,6500000.0,6600000.0,0,0,70599.0,71020.0,71821.0,72686.0,74686.0,75436.0,70608.0,71796.0,72611.0,72695.0,71476.0,72103.0,72908.0,74339.0,71026.0,71540.0,2.9299999999999997,873259.19,6500000.0,6600000.0,,,,,73421.0,74044.0,73416.0,73475.0,6500000.0,6600000.0,6500000.0,6600000.0,,
82,dfs-reg-suite,3,256,12,6500000,6600000,6500000.0,7200000.0,5900000.0,7200000.0,5900000.0,13100000.0,5900000.0,7200000.0,5900000.0,6600000.0,6500000.0,6800000.0,6300000.0,7100000.0,0,0,52959.0,62800.0,45696.0,62376.0,47668.0,56056.0,44665.0,53516.0,42687.0,51937.0,44302.0,53897.0,46286.0,57801.0,37278.0,49355.0,17965.407,619781.7609999999,6000000.0,7200000.0,,,,,29612.0,38570.0,38468.0,52622.0,5900000.0,6600000.0,6500000.0,6600000.0,,
83,dfs-reg-suite,3,512,12,5900000,6600000,6500000.0,6600000.0,6500000.0,6600000.0,6500000.0,6600000.0,6500000.0,6600000.0,6500000.0,6600000.0,6500000.0,6600000.0,6400000.0,6600000.0,0,0,32606.0,133405.0,32888.0,119557.0,33100.0,130566.0,37852.0,131075.0,43884.0,141138.0,27657.0,148035.0,33921.0,125466.0,26636.0,118558.0,1144.192,1539348.065,6500000.0,13100000.0,,,,,24088.0,136726.0,35911.0,128806.99999999999,6500000.0,13100000.0,6500000.0,6600000.0,,
84,dfs-reg-suite,3,128,12,6500000,6600000,6500000.0,6600000.0,6500000.0,6600000.0,6500000.0,6600000.0,6500000.0,6600000.0,6500000.0,6600000.0,6500000.0,6600000.0,6500000.0,6600000.0,0,0,32360.0,49042.0,29721.0,50206.0,31098.0,51492.0,32176.000000000004,49908.0,32158.0,49601.0,31703.0,49030.0,29070.0,50587.0,31421.0,49361.0,1577.468,570552.4850000001,6500000.0,6600000.0,,,,,31059.0,45727.0,31442.0,46719.0,6500000.0,6600000.0,6500000.0,6600000.0,,
85,dfs-reg-suite,2,512,12,6500000,6600000,6500000.0,6600000.0,6500000.0,6600000.0,6500000.0,6600000.0,6500000.0,6600000.0,6500000.0,6600000.0,6500000.0,6600000.0,6500000.0,6600000.0,0,0,34641.0,136843.0,34013.0,156547.0,32348.999999999996,130876.0,25255.0,163247.0,24771.0,116063.0,29130.0,141647.0,37730.0,131855.0,33279.0,191056.0,1239.001,1656002.096,6500000.0,6600000.0,,,,,30624.0,125442.0,34091.0,143687.0,6500000.0,6600000.0,6500000.0,13100000.0,,
86,dfs-reg-suite,3,32,12,6500000,6600000,6500000.0,6600000.0,6500000.0,6600000.0,6500000.0,6600000.0,6500000.0,6600000.0,6500000.0,6600000.0,6500000.0,6600000.0,6500000.0,6600000.0,0,0,107350.0,112842.0,106759.0,111366.0,109941.0,114771.0,105641.0,110893.0,109749.0,116105.0,111231.0,115241.0,109515.0,114200.0,112035.0,117116.0,239.27200000000002,1333182.451,6500000.0,6600000.0,,,105679.0,106859.0,107906.0,109758.0,107735.0,109438.0,6500000.0,6600000.0,6500000.0,6600000.0,,
87,dfs-reg-suite,3,16,12,6500000,6600000,6500000.0,6600000.0,6500000.0,6600000.0,6500000.0,6600000.0,6500000.0,6600000.0,6500000.0,6600000.0,6500000.0,6600000.0,6500000.0,6600000.0,0,0,15860.0,15879.0,16469.0,16498.0,17219.0,17242.0,17050.0,17084.0,17279.0,17298.0,17345.0,17369.0,17448.0,17477.0,17788.0,17822.0,96.357,192484.66700000002,6500000.0,6600000.0,11398.0,11423.0,14027.0,14055.0,14939.0,14988.0,15217.0,15252.0,6500000.0,6600000.0,6500000.0,6600000.0,6500000.0,6600000.0
88,dfs-reg-suite,3,64,12,6500000,6600000,6500000.0,6600000.0,6500000.0,6600000.0,6500000.0,6600000.0,6500000.0,6600000.0,6500000.0,6600000.0,6500000.0,6600000.0,6500000.0,6600000.0,0,0,46017.0,70187.0,43147.0,71210.0,44345.0,71625.0,45614.0,68556.0,45192.0,71144.0,43599.0,70483.0,46698.0,71002.0,44788.0,69465.0,233.284,824079.663,6500000.0,6600000.0,,,44581.0,65260.99999999999,44203.0,68504.0,45296.0,67860.0,6500000.0,6600000.0,6500000.0,6600000.0,,
89,dfs-reg-suite,1,512,6,6500000,6600000,6500000.0,6600000.0,6500000.0,6600000.0,6500000.0,6600000.0,6500000.0,13100000.0,6500000.0,6600000.0,,,,,0,0,70259.0,281523.0,79689.0,280944.0,,,,,,,,,,,,,1243.904,1682170.065,,,75411.0,265179.0,75329.0,288415.0,81700.0,283364.0,67080.0,281501.0,,,,,,
90,dfs-reg-suite,1,64,12,6500000,6600000,6500000.0,6600000.0,6500000.0,6600000.0,6500000.0,6600000.0,6500000.0,6600000.0,6500000.0,6600000.0,6500000.0,6600000.0,6500000.0,6600000.0,0,0,45803.0,70083.0,46747.0,71161.0,47936.0,71483.0,47403.0,71248.0,45979.0,71693.0,46970.0,71097.0,46678.0,69718.0,46544.0,72385.0,3451.431,834670.0029999999,6500000.0,6600000.0,,,,,47198.0,70062.0,46575.0,70801.0,6500000.0,6600000.0,6500000.0,6600000.0,,
91,dfs-reg-suite,1,512,3,6500000,6700000,6500000.0,13100000.0,6400000.0,6600000.0,,,,,,,,,,,0,0,,,,,,,,,,,,,,,,,1287.198,756365.009,,,78009.0,243443.0,69170.0,253822.0,73405.0,257812.0,,,,,,,,
92,dfs-reg-suite,1,512,1,6500000,6600000,,,,,,,,,,,,,,,0,0,,,,,,,,,,,,,,,,,11159.079,85693.55099999999,,,50662.0,74534.0,,,,,,,,,,,,
93,dfs-reg-suite,2,32,12,6500000,6600000,6500000.0,6600000.0,6500000.0,6600000.0,6500000.0,6600000.0,6500000.0,6600000.0,6500000.0,6600000.0,6500000.0,6600000.0,6500000.0,6600000.0,0,0,80128.0,80339.0,80240.0,80999.0,79452.0,80223.0,82924.0,83940.0,81192.0,82963.0,80660.0,80709.0,82921.0,84219.0,77210.0,78994.0,194.517,971107.0140000001,6500000.0,6600000.0,,,77052.0,77542.0,79852.0,81601.0,79380.0,80220.0,6500000.0,6600000.0,6500000.0,6600000.0,,
94,dfs-reg-suite,2,256,12,6500000,6600000,6500000.0,6600000.0,6500000.0,7300000.0,5800000.0,7200000.0,5900000.0,6600000.0,6500000.0,6600000.0,6500000.0,6800000.0,6300000.0,6600000.0,0,0,52632.0,59270.0,48336.0,63099.0,52354.0,62260.0,26305.0,48425.0,44993.0,55125.0,31915.0,43485.0,41535.0,52246.0,54732.0,64310.0,11931.618999999999,629184.127,6500000.0,6700000.0,,,,,31597.0,39681.0,34132.0,45324.0,6500000.0,7100000.0,5900000.0,6600000.0,,
95,dfs-reg-suite,2,512,1,6500000,6600000,,,,,,,,,,,,,,,0,0,,,,,,,,,,,,,,,,,1277.028,263035.342,,,97112.0,261757.99999999997,,,,,,,,,,,,
96,dfs-reg-suite,2,16,12,6500000,6600000,6500000.0,6600000.0,6500000.0,6600000.0,6500000.0,6600000.0,6500000.0,6600000.0,6500000.0,6600000.0,6500000.0,6600000.0,6500000.0,6600000.0,0,0,16222.000000000002,16251.000000000002,16397.0,16418.0,16868.0,16904.0,17537.0,17564.0,16880.0,16900.0,17049.0,17083.0,17639.0,17659.0,17828.0,17868.0,65.19800000000001,193359.201,6500000.0,6600000.0,11599.0,11624.0,14375.0,14400.0,14849.0,14894.0,15697.0,15729.0,6500000.0,6600000.0,6500000.0,6600000.0,6500000.0,6600000.0
97,dfs-reg-suite,1,32,12,6500000,6600000,6500000.0,6600000.0,6500000.0,6600000.0,6500000.0,6600000.0,6500000.0,6600000.0,6500000.0,6600000.0,6500000.0,6600000.0,6500000.0,6600000.0,0,0,82487.0,84125.0,82703.0,83302.0,83310.0,84768.0,85474.0,85928.0,86126.0,86319.0,84727.0,85499.0,82900.0,85049.0,86863.0,87835.0,125.023,1003910.24,6500000.0,6600000.0,,,77933.0,79009.0,76982.0,78113.0,84857.0,85774.0,6500000.0,6600000.0,6500000.0,6600000.0,,
98,dfs-reg-suite,1,16,12,6500000,6600000,6500000.0,6600000.0,6500000.0,6600000.0,6500000.0,6600000.0,6500000.0,6600000.0,6500000.0,6600000.0,6500000.0,6600000.0,6500000.0,6600000.0,0,0,15578.0,15613.0,15950.0,15978.0,16271.0,16302.0,16485.0,16506.0,16466.0,16491.0,16804.0,16835.0,17642.0,17666.0,17262.0,17294.0,208.232,187741.276,6500000.0,6600000.0,11497.0,11522.0,13839.0,13878.0,14420.0,14452.0,14945.0,14996.0,6500000.0,6600000.0,6500000.0,6600000.0,6500000.0,6600000.0
99,dfs-reg-suite,1,512,9,6500000,6600000,6500000.0,6600000.0,6500000.0,6600000.0,6500000.0,6600000.0,6500000.0,6600000.0,,,,,,,0,0,,,102893.0,241312.0,143862.0,247341.0,112669.0,247126.0,95750.0,246081.0,,,,,,,1290.417,2263953.7770000002,,,,,,,,,,,,,,,,
100,dfs-reg-suite,2,128,12,6500000,6600000,6500000.0,6600000.0,6500000.0,6600000.0,6500000.0,6600000.0,6500000.0,6600000.0,6500000.0,6600000.0,6500000.0,6600000.0,6500000.0,6600000.0,0,0,30316.0,46136.0,31081.0,48554.0,31649.0,47048.0,31064.0,48320.0,31771.0,46422.0,31997.0,46511.0,31327.0,49038.0,31738.0,50839.0,4661.343,557264.167,6500000.0,6600000.0,,,,,30823.0,43081.0,32384.0,46549.0,6500000.0,6600000.0,6500000.0,6600000.0,,
101,dfs-reg-suite,2,64,12,6500000,6600000,6500000.0,6600000.0,6500000.0,6600000.0,6500000.0,6600000.0,6500000.0,6600000.0,6500000.0,6600000.0,6500000.0,6600000.0,6500000.0,6600000.0,0,0,40523.0,68626.0,38908.0,71945.0,38318.0,72071.0,41204.0,70519.0,43780.0,72391.0,43750.0,67237.0,41642.0,70188.0,41076.0,67979.0,237.423,819400.524,6500000.0,6600000.0,,,,,37620.0,65865.0,38814.0,69472.0,6500000.0,6600000.0,6500000.0,6600000.0,,
102,dfs-reg-suite,1,512,12,6500000,13100000,6500000.0,6600000.0,6500000.0,6600000.0,6500000.0,6600000.0,6500000.0,6600000.0,6500000.0,6600000.0,6500000.0,6600000.0,6500000.0,6600000.0,0,0,28318.0,152208.0,37049.0,154477.0,24352.0,131012.0,31900.0,216339.0,30956.0,146032.0,38709.0,153739.0,40493.0,171585.0,38688.0,148733.0,1003.8309999999999,1752355.493,6500000.0,6600000.0,,,,,34628.0,122680.0,28323.0,125520.0,6500000.0,13100000.0,6500000.0,6600000.0,,
103,dfs-reg-suite,1,256,12,6500000,7200000,5900000.0,7000000.0,6100000.0,7000000.0,6000000.0,7000000.0,6100000.0,7200000.0,5900000.0,13100000.0,6500000.0,7200000.0,5900000.0,6800000.0,0,0,42716.0,56522.0,38751.0,49428.0,47894.0,57588.0,35021.0,43243.0,50421.0,59422.0,43467.0,55098.0,41198.0,53680.0,43652.0,52050.0,16824.076,625617.834,6300000.0,7100000.0,,,,,43632.0,55513.0,45966.0,55194.0,6000000.0,6800000.0,6300000.0,6600000.0,,
104,dfs-reg-suite,2,512,3,6500000,6700000,6500000.0,13100000.0,6500000.0,6600000.0,,,,,,,,,,,0,0,,,,,,,,,,,,,,,,,1333.912,844810.07,,,163331.0,259303.0,144566.0,287103.0,163531.0,297070.0,,,,,,,,
105,dfs-reg-suite,1,128,12,6500000,6600000,6500000.0,6600000.0,6500000.0,6600000.0,6500000.0,6600000.0,6500000.0,6600000.0,6500000.0,6600000.0,6500000.0,6600000.0,6500000.0,6600000.0,0,0,30317.0,49679.0,31530.0,48476.0,31465.0,46000.0,29881.0,48985.0,31261.0,47062.0,31118.0,50384.0,32313.000000000004,46464.0,29646.0,47684.0,529.9739999999999,556310.024,6500000.0,6600000.0,,,,,30387.0,44804.0,30066.0,47205.0,6500000.0,6600000.0,6500000.0,6600000.0,,
106,network-suite-1hopsim,1,64,12,6500000,6600000,6500000.0,6600000.0,6500000.0,6600000.0,6500000.0,6600000.0,6500000.0,6600000.0,6500000.0,6600000.0,6500000.0,6600000.0,6500000.0,6600000.0,0,0,17718.0,28078.0,16817.0,25985.0,21449.0,33180.0,18865.0,40711.0,19694.0,28049.0,28133.0,34256.0,18539.0,30076.0,19310.0,33885.0,1.785,385959.715,6500000.0,6600000.0,21631.0,39234.0,20014.0,32086.0,20131.0,32613.0,20653.0,27805.0,6500000.0,6600000.0,6500000.0,6600000.0,6500000.0,6600000.0
107,network-suite-1hopsim,2,32,12,6500000,6600000,6500000.0,6600000.0,6500000.0,6600000.0,6500000.0,6600000.0,6500000.0,6600000.0,6500000.0,6600000.0,6500000.0,6600000.0,6500000.0,6600000.0,0,0,9846.0,12342.0,9882.0,12415.0,9986.0,12338.0,9811.0,12089.0,10148.0,12287.0,9986.0,12101.0,10038.0,12099.0,14468.0,19421.0,2.599,158202.495,6500000.0,6600000.0,,,10275.0,12123.0,9904.0,12134.0,10179.0,12214.0,6500000.0,6600000.0,6500000.0,6600000.0,6500000.0,6600000.0
108,network-suite-1hopsim,2,16,12,6500000,6600000,6500000.0,6600000.0,6500000.0,6600000.0,6500000.0,6600000.0,6500000.0,6600000.0,6500000.0,6600000.0,6500000.0,6600000.0,6500000.0,6600000.0,0,0,7794.0,10155.0,8680.0,10125.0,9074.0,10068.0,8766.0,10070.0,7833.0,10119.0,8213.0,10101.0,8188.000000000001,10042.0,7913.0,10144.0,1.85,121107.665,6500000.0,6600000.0,,,8759.0,10833.0,7714.0,10097.0,8090.0,10044.0,6500000.0,6600000.0,6500000.0,6600000.0,6500000.0,6600000.0
109,network-suite-1hopsim,1,32,12,6500000,6600000,6500000.0,6600000.0,6500000.0,6600000.0,6500000.0,6600000.0,6500000.0,6600000.0,6500000.0,6600000.0,6500000.0,6600000.0,6500000.0,6600000.0,0,0,10085.0,12346.0,10159.0,12465.0,10122.0,12300.0,9945.0,12220.0,10057.0,12708.0,10047.0,12296.0,10281.0,12368.0,10083.0,12257.0,3.636,148790.358,6500000.0,6600000.0,9744.0,12521.0,10432.0,12639.0,10177.0,12428.0,9996.0,12241.0,6500000.0,6600000.0,6500000.0,6600000.0,6500000.0,6600000.0
110,network-suite-1hopsim,1,16,12,6500000,6600000,6500000.0,6600000.0,6500000.0,6600000.0,6500000.0,6600000.0,6500000.0,6600000.0,6500000.0,6600000.0,6500000.0,6600000.0,6500000.0,6600000.0,0,0,8401.0,10066.0,8135.0,10141.0,9427.0,9896.0,8270.0,10082.0,8073.0,10071.0,7909.0,10144.0,7768.0,10071.0,8787.0,9965.0,3.707,120520.498,6500000.0,6600000.0,,,8355.0,10487.0,8457.0,10036.0,7816.0,10122.0,6500000.0,6600000.0,6500000.0,6600000.0,6500000.0,6600000.0
111,network-suite-1hopsim,2,128,12,6500000,6600000,6500000.0,6600000.0,6500000.0,6600000.0,6500000.0,6600000.0,6500000.0,6600000.0,6500000.0,6600000.0,6500000.0,6600000.0,6500000.0,6600000.0,0,0,27657.0,37725.0,23076.0,35226.0,24777.0,34830.0,25126.0,37486.0,31751.0,45392.0,22562.0,30365.0,18980.0,38631.0,24110.0,36398.0,2.656,434346.142,6500000.0,6600000.0,18741.0,31074.0,23129.0,33843.0,21360.0,31210.0,21857.0,42163.0,6500000.0,6600000.0,6500000.0,6600000.0,6500000.0,6600000.0
112,network-suite-1hopsim,2,64,12,6500000,6600000,6500000.0,6600000.0,6500000.0,6600000.0,6500000.0,6600000.0,6500000.0,6600000.0,6500000.0,6600000.0,6500000.0,6600000.0,6500000.0,6600000.0,0,0,23331.0,35077.0,15848.0,32802.0,17882.0,28870.0,18447.0,25943.0,25379.0,37091.0,22173.0,28792.0,16157.0,25507.0,17590.0,34394.0,1.217,357054.1,6500000.0,6600000.0,17435.0,29547.0,18590.0,25750.0,18459.0,28260.0,18516.0,25021.0,6500000.0,6600000.0,6500000.0,6600000.0,6500000.0,6600000.0
113,network-suite-1hopsim,1,256,12,6500000,6600000,6500000.0,6600000.0,6500000.0,6600000.0,6500000.0,6600000.0,6500000.0,6600000.0,6500000.0,6600000.0,6500000.0,6600000.0,6500000.0,6600000.0,0,0,32341.0,54672.0,33332.0,54079.0,25733.0,57482.0,31065.0,55096.0,26242.0,55479.0,39660.0,64465.0,27649.0,56533.0,26327.0,54491.0,2.576,668331.1340000001,6500000.0,6600000.0,29904.0,44807.0,33258.0,52979.0,37614.0,60493.0,30557.0,57752.0,6500000.0,6600000.0,6500000.0,6600000.0,6500000.0,6600000.0
114,network-suite-1hopsim,1,128,12,6500000,6600000,6500000.0,6600000.0,6500000.0,6600000.0,6500000.0,6600000.0,6500000.0,6600000.0,6500000.0,6600000.0,6500000.0,6600000.0,6500000.0,6600000.0,0,0,18558.0,38466.0,30170.0,48973.0,20195.0,51124.0,29678.0,48208.0,19519.0,42478.0,25039.0,58738.0,16947.0,40745.0,23472.0,54204.0,3.693,553689.9029999999,6500000.0,6600000.0,22929.0,33923.0,23605.0,41970.0,25662.0,44483.0,30483.0,50374.0,6500000.0,6600000.0,6500000.0,6600000.0,6500000.0,6600000.0
115,dfs-seq-suite,3,256,12,6500000,6600000,6500000.0,6600000.0,6500000.0,6600000.0,6500000.0,6600000.0,6500000.0,6600000.0,6500000.0,6600000.0,6500000.0,6600000.0,6500000.0,6600000.0,0,0,52835.0,58149.0,42818.0,52298.0,42939.0,51604.0,36866.0,47601.0,37993.0,53431.0,37695.0,47612.0,42359.0,50939.0,21970.0,39252.0,26756.775999999998,579271.085,6500000.0,6600000.0,,,,,20747.0,23352.0,48962.0,58848.0,6500000.0,6600000.0,6500000.0,6600000.0,,
116,dfs-seq-suite,3,512,12,6500000,6600000,6500000.0,6600000.0,6500000.0,6600000.0,6500000.0,6600000.0,6500000.0,6600000.0,6500000.0,6600000.0,6500000.0,6600000.0,6500000.0,6600000.0,0,0,42827.0,103409.0,54712.0,144672.0,37647.0,140488.0,31971.0,140980.0,92148.0,222612.0,48496.0,153936.0,95538.0,225477.0,73929.0,198252.0,7027.454,1744093.3439999998,6500000.0,6600000.0,,,,,64150.00000000001,109372.0,77362.0,116868.0,6500000.0,6600000.0,6500000.0,6600000.0,,
117,dfs-seq-suite,3,128,12,6500000,6600000,6500000.0,6600000.0,6500000.0,6600000.0,6500000.0,6600000.0,6500000.0,6600000.0,6500000.0,6600000.0,6500000.0,6600000.0,6500000.0,6600000.0,0,0,31147.0,41001.0,31104.0,39642.0,30786.0,40646.0,30474.0,43933.0,30692.0,43984.0,30079.0,43282.0,30445.0,44074.0,32417.0,45194.0,520.2710000000001,490652.396,6500000.0,6600000.0,,,,,31283.0,36176.0,30935.0,38802.0,6500000.0,6600000.0,6500000.0,6600000.0,,
118,dfs-seq-suite,2,512,12,6500000,6600000,6500000.0,6600000.0,6500000.0,6600000.0,6500000.0,6600000.0,6500000.0,6600000.0,6500000.0,6600000.0,6500000.0,6600000.0,6500000.0,6600000.0,0,0,32901.0,126869.0,34681.0,133992.0,31060.0,144127.0,33454.0,189094.0,38884.0,131958.0,33059.0,213423.0,34833.0,145190.0,36752.0,125769.0,1043.006,1702074.6039999998,6500000.0,6600000.0,,,,,51616.0,95055.0,41904.0,112581.0,6500000.0,6600000.0,6500000.0,6600000.0,,
119,dfs-seq-suite,3,32,12,6500000,6600000,6500000.0,6600000.0,6500000.0,6600000.0,6500000.0,6600000.0,6500000.0,6600000.0,6500000.0,6600000.0,6500000.0,6600000.0,6500000.0,6600000.0,0,0,76149.0,76521.0,77747.0,78177.0,75642.0,75904.0,78520.0,79406.0,78031.0,78588.0,80005.0,80659.0,79214.0,80121.0,78038.0,78779.0,104.116,943251.892,6500000.0,6600000.0,,,81829.0,82070.0,79301.0,80217.0,76566.0,77249.0,6500000.0,6600000.0,6500000.0,6600000.0,,
120,dfs-seq-suite,3,16,12,6500000,6600000,6500000.0,6600000.0,6500000.0,6600000.0,6500000.0,6600000.0,6500000.0,6600000.0,6500000.0,6600000.0,6500000.0,6600000.0,6500000.0,6600000.0,0,0,13510.0,13524.0,14144.0,14162.0,14650.0,14683.0,14420.0,14445.0,15164.0,15189.0,15098.0,15108.0,15427.0,15438.0,15556.0,15584.0,67.205,165608.303,6500000.0,6600000.0,9868.0,9877.0,12044.0,12056.0,12374.0,12389.0,13067.0,13086.0,6500000.0,6600000.0,6500000.0,6600000.0,6500000.0,6600000.0
121,dfs-seq-suite,3,64,12,6500000,6600000,6500000.0,6600000.0,6500000.0,6600000.0,6500000.0,6600000.0,6500000.0,6600000.0,6500000.0,6600000.0,6500000.0,6600000.0,6500000.0,6600000.0,0,0,42676.0,63722.0,41855.0,65352.00000000001,44425.0,67472.0,42834.0,67682.0,41018.0,65691.0,40625.0,69924.0,39812.0,67752.0,42025.0,69589.0,246.35199999999998,760300.344,6500000.0,6600000.0,,,,,50518.0,57849.0,47451.0,59366.0,6500000.0,6600000.0,6500000.0,6600000.0,,
122,dfs-seq-suite,1,512,6,6500000,6700000,6500000.0,6600000.0,6500000.0,6600000.0,6500000.0,6600000.0,6500000.0,13100000.0,6500000.0,6600000.0,,,,,0,0,68182.0,241819.0,64739.99999999999,244075.0,,,,,,,,,,,,,1267.153,1332309.808,,,66384.0,177206.0,55092.0,201929.0,52452.0,228574.0,70750.0,237438.0,,,,,,
123,dfs-seq-suite,1,64,12,6500000,6600000,6500000.0,6600000.0,6500000.0,6600000.0,6500000.0,6600000.0,6500000.0,6600000.0,6500000.0,6600000.0,6500000.0,6600000.0,6500000.0,6600000.0,0,0,48229.0,61429.0,49580.0,63275.0,47113.0,63396.0,48200.0,68185.0,49498.0,68190.0,50527.0,68455.0,49448.0,69438.0,52663.0,69507.0,286.919,748715.3319999999,6500000.0,6600000.0,,,,,49135.0,55596.0,47178.0,59180.0,6500000.0,6600000.0,6500000.0,6600000.0,,
124,dfs-seq-suite,1,512,3,6500000,6600000,6500000.0,6600000.0,6500000.0,6600000.0,,,,,,,,,,,0,0,,,,,,,,,,,,,,,,,1235.9309999999998,355109.088,,,29442.0,69025.0,64019.00000000001,121864.0,33595.0,162984.0,,,,,,,,
125,dfs-seq-suite,1,512,1,6500000,6600000,,,,,,,,,,,,,,,0,0,,,,,,,,,,,,,,,,,16719.294,96443.228,,,55586.0,79724.0,,,,,,,,,,,,
126,dfs-seq-suite,2,32,12,6500000,6600000,6500000.0,6600000.0,6500000.0,6600000.0,6500000.0,6600000.0,6500000.0,6600000.0,6500000.0,6600000.0,6500000.0,6600000.0,6500000.0,6600000.0,0,0,74593.0,75502.0,74554.0,74738.0,77081.0,77528.0,75125.0,76078.0,77161.0,77486.0,77050.0,77884.0,75940.0,76648.0,77166.0,77730.0,88.245,947572.022,6500000.0,6600000.0,,,,,81426.0,83872.0,85528.0,87122.0,6500000.0,6600000.0,6500000.0,6600000.0,,
127,dfs-seq-suite,2,256,12,6500000,6600000,6500000.0,6600000.0,6500000.0,6600000.0,6500000.0,6600000.0,6500000.0,13100000.0,6500000.0,6600000.0,6500000.0,6600000.0,6500000.0,13100000.0,0,0,47143.0,56438.0,45213.0,49965.0,47548.0,55655.0,38453.0,52453.0,35681.0,48922.0,46806.0,53324.0,42103.0,50790.0,53839.0,61274.0,13078.159,591690.5349999999,6500000.0,6600000.0,,,,,21100.0,24385.0,43362.0,60720.0,6500000.0,6600000.0,6500000.0,6600000.0,,
128,dfs-seq-suite,2,512,1,6500000,6600000,,,,,,,,,,,,,,,0,0,,,,,,,,,,,,,,,,,1915.042,195958.769,,,72748.0,194044.0,,,,,,,,,,,,
129,dfs-seq-suite,2,16,12,6500000,6600000,6500000.0,6600000.0,6500000.0,6600000.0,6500000.0,6600000.0,6500000.0,6600000.0,6500000.0,6600000.0,6500000.0,6600000.0,6500000.0,6600000.0,0,0,13250.0,13270.0,13637.0,13655.0,14474.0,14497.0,14504.0,14517.0,14876.0,14894.0,14940.0,14950.0,14889.0,14912.0,15418.0,15434.0,67.458,164019.537,6500000.0,6600000.0,10079.0,10102.0,12513.0,12543.0,12503.0,12524.0,12641.0,12655.0,6500000.0,6600000.0,6500000.0,6600000.0,6500000.0,6600000.0
130,dfs-seq-suite,1,32,12,6500000,6600000,6500000.0,6600000.0,6500000.0,6600000.0,6500000.0,6600000.0,6500000.0,6600000.0,6500000.0,6600000.0,6500000.0,6600000.0,6500000.0,6600000.0,0,0,74012.0,74505.0,76825.0,77369.0,75578.0,76207.0,80726.0,81317.0,76350.0,76458.0,78677.0,79436.0,76505.0,77377.0,78863.0,79409.0,95.872,913241.12,6500000.0,6600000.0,,,,,73717.0,73800.0,73058.0,73230.0,6500000.0,6600000.0,6500000.0,6600000.0,,
131,dfs-seq-suite,1,16,12,6500000,6600000,6500000.0,6600000.0,6500000.0,6600000.0,6500000.0,6600000.0,6500000.0,6600000.0,6500000.0,6600000.0,6500000.0,6600000.0,6500000.0,6600000.0,0,0,13254.0,13269.0,14038.0,14061.0,13923.0,13938.0,14481.0,14494.0,14785.0,14801.0,15032.0,15063.0,14920.0,14928.0,15409.0,15422.0,7785.151,169796.095,6500000.0,6600000.0,10143.0,10157.0,11242.0,11256.0,11993.0,12001.0,12594.0,12620.0,6500000.0,6600000.0,6500000.0,6600000.0,6500000.0,6600000.0
132,dfs-seq-suite,1,512,9,6500000,6600000,6500000.0,13100000.0,6500000.0,6600000.0,6500000.0,6600000.0,6500000.0,6600000.0,6500000.0,6600000.0,6500000.0,6600000.0,6500000.0,6600000.0,0,0,76072.0,225788.0,124687.0,233089.0,72080.0,228862.0,104780.0,239876.0,91709.0,243152.0,,,,,,,1310.025,2061323.23,6500000.0,6600000.0,83110.0,212646.0,104409.0,222382.0,115564.0,224619.0,131029.0,229599.0,,,,,,
133,dfs-seq-suite,2,128,12,6500000,6600000,6500000.0,6600000.0,6500000.0,6600000.0,6500000.0,6600000.0,6500000.0,6600000.0,6500000.0,6600000.0,6500000.0,6600000.0,6500000.0,6600000.0,0,0,31502.0,39547.0,29185.0,42808.0,30706.0,44465.0,30537.0,43525.0,31974.0,45686.0,30571.0,44004.0,30534.0,47033.0,29921.0,47523.0,384.01099999999997,499491.494,6500000.0,6600000.0,,,,,32540.999999999996,36920.0,29067.0,38287.0,6500000.0,6600000.0,6500000.0,6600000.0,,
134,dfs-seq-suite,2,64,12,6500000,6600000,6500000.0,6600000.0,6500000.0,6600000.0,6500000.0,6600000.0,6500000.0,6600000.0,6500000.0,6600000.0,6500000.0,6600000.0,6500000.0,6600000.0,0,0,45773.0,61219.0,48582.0,64910.0,45677.0,64507.00000000001,45287.0,68246.0,46885.0,69218.0,46712.0,70626.0,48129.0,68457.0,46334.0,69022.0,147.292,756122.1749999999,6500000.0,6600000.0,,,,,45937.0,58263.0,47011.0,59653.0,6500000.0,6600000.0,6500000.0,6600000.0,,
135,dfs-seq-suite,1,512,12,6500000,6600000,6500000.0,6600000.0,6500000.0,6700000.0,6400000.0,6600000.0,6500000.0,6600000.0,6500000.0,6600000.0,6500000.0,6800000.0,6300000.0,6600000.0,0,0,45491.0,127547.0,29361.0,135478.0,26938.0,142722.0,24146.0,146925.0,28347.0,125792.0,30128.0,143055.0,30671.0,159544.0,30752.0,152467.0,4153.472,1811927.052,6500000.0,6600000.0,,,,,42964.0,121734.0,38203.0,143508.0,6500000.0,6600000.0,6500000.0,6600000.0,,
136,dfs-seq-suite,1,256,12,6500000,6600000,6500000.0,6600000.0,6500000.0,6600000.0,6500000.0,6600000.0,6500000.0,7600000.0,5500000.0,6600000.0,6500000.0,6600000.0,6500000.0,6600000.0,0,0,56602.0,65455.0,24869.0,41370.0,45890.0,52149.0,32481.0,43615.0,46357.0,61839.0,30346.0,38453.0,35470.0,53905.0,44842.0,56288.0,28258.579,577074.522,6500000.0,6600000.0,,,,,26348.0,29759.0,34473.0,42073.0,6500000.0,6600000.0,6500000.0,6600000.0,,
137,dfs-seq-suite,2,512,3,6500000,6600000,6500000.0,13100000.0,6400000.0,6600000.0,,,,,,,,,,,0,0,,,,,,,,,,,,,,,,,1341.5710000000001,688586.242,,,60008.0,210389.0,59772.0,231654.0,61349.0,245202.0,,,,,,,,
138,dfs-seq-suite,1,128,12,6500000,6600000,6500000.0,6600000.0,6500000.0,6600000.0,6500000.0,6600000.0,6500000.0,6600000.0,6500000.0,6600000.0,6500000.0,6600000.0,6500000.0,6600000.0,0,0,29512.0,40808.0,31647.0,43400.0,29389.0,45889.0,31836.0,45883.0,30915.0,49410.0,35552.0,50817.0,29891.0,50513.0,32250.999999999996,46880.0,447.90000000000003,522918.10199999996,6500000.0,6600000.0,,,,,30304.0,36093.0,35430.0,41828.0,6500000.0,6600000.0,6500000.0,6600000.0,,
139,network-suite-bigrpc,1,64,12,6500000,6600000,6500000.0,6600000.0,6500000.0,6600000.0,6500000.0,6600000.0,6500000.0,6600000.0,6500000.0,6600000.0,6500000.0,6600000.0,6500000.0,6600000.0,0,0,43768.0,44929.0,39079.0,40581.0,39644.0,40321.0,40210.0,42711.0,38994.0,43788.0,36367.0,42601.0,39093.0,45889.0,39931.0,42823.0,2.348,513353.533,6500000.0,6600000.0,,,,,38313.0,45173.0,37413.0,41945.0,6500000.0,6600000.0,,,,
140,network-suite-bigrpc,2,32,12,6500000,6600000,6500000.0,6600000.0,6500000.0,6600000.0,6500000.0,6600000.0,6500000.0,6600000.0,6500000.0,6600000.0,6500000.0,6600000.0,6500000.0,6600000.0,0,0,67629.0,67706.0,68644.0,68863.0,70742.0,70776.0,68197.0,68449.0,66039.0,66737.0,70242.0,70521.0,65589.0,66036.0,64794.0,64894.00000000001,1.714,808891.3790000001,6500000.0,6600000.0,,,,,66152.0,66213.0,66361.0,66404.0,6500000.0,6600000.0,6500000.0,6600000.0,,
141,network-suite-bigrpc,2,256,12,6500000,6600000,6500000.0,6600000.0,6500000.0,6600000.0,6500000.0,6600000.0,6500000.0,6600000.0,6500000.0,6600000.0,6500000.0,6600000.0,6500000.0,6600000.0,0,0,19209.0,21127.0,17801.0,22500.0,18756.0,25141.0,18164.0,22899.0,18273.0,28212.0,17245.0,28772.0,16834.0,30760.0,17755.0,29932.0,1.6789999999999998,299199.79699999996,6500000.0,6600000.0,,,,,17388.0,21532.0,18250.0,22192.0,6500000.0,6600000.0,,,,
142,network-suite-bigrpc,2,16,12,6500000,6600000,6500000.0,6600000.0,6500000.0,6600000.0,6500000.0,6600000.0,6500000.0,6600000.0,6500000.0,6600000.0,6500000.0,6600000.0,6500000.0,6600000.0,0,0,10011.0,10040.0,10072.0,10092.0,10138.0,10140.0,10016.0,10030.0,10047.0,10058.0,9949.0,9964.0,10018.0,10031.0,10132.0,10150.0,0.79,121035.22200000001,6500000.0,6600000.0,,,10915.0,10921.0,10115.0,10120.0,9998.0,10008.0,6500000.0,6600000.0,6500000.0,6600000.0,6500000.0,6600000.0
143,network-suite-bigrpc,1,32,12,6500000,6600000,6500000.0,6600000.0,6500000.0,6600000.0,6500000.0,6600000.0,6500000.0,6600000.0,6500000.0,6600000.0,6500000.0,6600000.0,6500000.0,6600000.0,0,0,65245.99999999999,65916.0,65238.0,65802.0,65645.0,65886.0,66301.0,66319.0,63786.0,64563.0,64891.99999999999,65421.00000000001,66912.0,66986.0,66305.0,66551.0,1.693,787781.044,6500000.0,6600000.0,,,,,64992.00000000001,65501.00000000001,64190.0,64909.00000000001,6500000.0,6600000.0,6500000.0,6600000.0,,
144,network-suite-bigrpc,1,16,12,6500000,6600000,6500000.0,6600000.0,6500000.0,6600000.0,6500000.0,6600000.0,6500000.0,6600000.0,6500000.0,6600000.0,6500000.0,6600000.0,6500000.0,6600000.0,0,0,9980.0,10005.0,9987.0,10000.0,9944.0,9969.0,9945.0,9960.0,9980.0,10009.0,9982.0,9991.0,9981.0,9996.0,10014.0,10025.0,2.099,119251.024,6500000.0,6600000.0,9185.0,9187.0,10103.0,10106.0,10035.0,10038.0,9960.0,9962.0,6500000.0,6600000.0,6500000.0,6600000.0,6500000.0,6600000.0
145,network-suite-bigrpc,2,128,12,6500000,6600000,6500000.0,6600000.0,6500000.0,6600000.0,6500000.0,6600000.0,6500000.0,6600000.0,6500000.0,6600000.0,6500000.0,6600000.0,6500000.0,6600000.0,0,0,24297.0,28460.0,26435.0,29544.0,26424.0,30489.0,27710.0,30955.0,25800.0,29361.0,27252.0,30375.0,26090.0,29721.0,26043.0,30898.0,3.1,359793.03599999996,6500000.0,6600000.0,,,,,26110.0,29187.0,26841.0,31499.0,6500000.0,6600000.0,,,,
146,network-suite-bigrpc,2,64,12,6500000,6600000,6500000.0,6600000.0,6500000.0,6600000.0,6500000.0,6600000.0,6500000.0,6600000.0,6500000.0,6600000.0,6500000.0,6600000.0,6500000.0,6600000.0,0,0,39582.0,41161.0,39964.0,42682.0,38193.0,43065.0,41836.0,44013.0,38582.0,42343.0,38246.0,44507.0,38342.0,43435.0,41826.0,46165.0,2.899,521753.121,6500000.0,6600000.0,,,,,37813.0,44065.0,38664.0,42948.0,6500000.0,6600000.0,,,,
147,network-suite-bigrpc,1,512,12,6500000,6600000,6500000.0,6600000.0,6500000.0,6600000.0,6500000.0,6600000.0,6500000.0,6600000.0,6500000.0,13100000.0,6500000.0,6600000.0,6500000.0,6600000.0,0,0,17774.0,32600.0,17930.0,32816.0,18126.0,36092.0,17053.0,35048.0,18523.0,36820.0,17339.0,37193.0,16865.0,39328.0,16722.0,38516.0,2.8800000000000003,391778.89,6500000.0,6600000.0,,,,,17503.0,27914.0,18453.0,30659.0,6500000.0,6600000.0,,,,
148,network-suite-bigrpc,1,256,12,6500000,6600000,6500000.0,6600000.0,6500000.0,6600000.0,6500000.0,6600000.0,6500000.0,6600000.0,6500000.0,6600000.0,6500000.0,6600000.0,6500000.0,6600000.0,0,0,17582.0,27652.0,16621.0,29328.0,18137.0,29116.0,18577.0,30283.0,17482.0,32391.0,19253.0,33070.0,18083.0,34881.0,18909.0,36810.0,2.177,350679.33499999996,6500000.0,6600000.0,,,,,17247.0,26869.0,18269.0,23880.0,6500000.0,6600000.0,,,,
149,network-suite-bigrpc,1,128,12,6500000,6600000,6500000.0,6600000.0,6500000.0,6600000.0,6500000.0,6600000.0,6500000.0,6600000.0,6500000.0,6600000.0,6500000.0,6600000.0,6500000.0,6600000.0,0,0,25939.0,29997.0,24591.0,34321.0,24890.0,32267.000000000004,25142.0,37087.0,24089.0,36591.0,26376.0,37882.0,24838.0,38688.0,27522.0,40764.0,1.655,405558.224,6500000.0,6600000.0,,,,,25785.0,31350.0,26813.0,29362.0,6500000.0,6600000.0,,,,
150,dfs-ioonly,3,256,12,6500000,6500000,6500000.0,6500000.0,6500000.0,6500000.0,6500000.0,6500000.0,6500000.0,6500000.0,6500000.0,6500000.0,6500000.0,6500000.0,6500000.0,6500000.0,0,0,2330.0,51301.0,2385.0,50411.0,2343.0,51126.0,2356.0,47859.0,2244.0,53984.0,2424.0,44844.0,2327.0,51972.0,2381.0,51481.0,17976.054,574782.3200000001,6500000.0,6500000.0,1861.0,16977.0,2370.0,30781.0,2284.0,54399.0,2331.0,51674.0,6500000.0,6500000.0,6500000.0,6500000.0,6500000.0,6500000.0
151,dfs-ioonly,3,512,12,6500000,6500000,6500000.0,6500000.0,6500000.0,6500000.0,6500000.0,6500000.0,6500000.0,6500000.0,6500000.0,6500000.0,6500000.0,6500000.0,6500000.0,6500000.0,0,0,2306.0,101449.0,2297.0,110046.0,2344.0,105072.0,2316.0,106076.0,2362.0,111521.0,2369.0,101238.0,2313.0,102013.0,2338.0,100006.0,18279.219,1200262.657,6500000.0,6500000.0,1780.0,63274.0,2238.0,81841.0,2236.0,104192.0,2317.0,95256.0,6500000.0,6500000.0,6500000.0,6500000.0,6500000.0,6500000.0
152,dfs-ioonly,3,128,12,6500000,6500000,6500000.0,6500000.0,6500000.0,6500000.0,6500000.0,6500000.0,6500000.0,6500000.0,6500000.0,6500000.0,6500000.0,6500000.0,6500000.0,6500000.0,0,0,2376.0,25521.0,2437.0,19092.0,2359.0,25051.0,2382.0,24997.0,2486.0,20895.0,2383.0,24978.0,2380.0,25689.0,2446.0,26173.0,30859.867000000002,280443.06799999997,6500000.0,6500000.0,1940.0,7856.0,2380.0,4661.0,2309.0,23991.0,2331.0,20679.0,6500000.0,6500000.0,6500000.0,6500000.0,6500000.0,6500000.0
153,dfs-ioonly,2,512,12,6500000,6500000,6500000.0,6500000.0,6500000.0,6500000.0,6500000.0,6500000.0,6500000.0,6500000.0,6500000.0,6500000.0,6500000.0,6500000.0,6500000.0,6500000.0,0,0,2270.0,94353.0,2261.0,97403.0,2276.0,98250.0,2399.0,100401.0,2361.0,94209.0,2367.0,95726.0,2358.0,95866.0,2393.0,94428.0,35642.267,1143993.018,6500000.0,6500000.0,1760.0,65530.0,2260.0,87706.0,2233.0,91057.0,2213.0,93420.0,6500000.0,6500000.0,6500000.0,6500000.0,6500000.0,6500000.0
154,dfs-ioonly,3,32,12,6500000,6500000,6500000.0,6500000.0,6500000.0,6500000.0,6500000.0,6500000.0,6500000.0,6500000.0,6500000.0,6500000.0,6500000.0,6500000.0,6500000.0,6500000.0,0,0,2628.0,4355.0,2653.0,4898.0,2598.0,4457.0,2581.0,4874.0,2564.0,4901.0,2588.0,5554.0,2582.0,5039.0,2604.0,5021.0,16311.661,71780.121,6500000.0,6500000.0,2049.0,3239.0,2543.0,4032.0,2528.0,4347.0,2480.0,4751.0,6500000.0,6500000.0,6500000.0,6500000.0,6500000.0,6500000.0
155,dfs-ioonly,3,16,12,6500000,6500000,6500000.0,6500000.0,6500000.0,6500000.0,6500000.0,6500000.0,6500000.0,6500000.0,6500000.0,6500000.0,6500000.0,6500000.0,6500000.0,6500000.0,0,0,2576.0,4519.0,2890.0,4566.0,2983.0,4158.0,2872.0,4264.0,2991.0,4598.0,2815.0,4409.0,2889.0,4299.0,3174.0,4331.0,87.416,51733.381,6500000.0,6500000.0,1996.0,3420.0,2759.0,4995.0,2785.0,4114.0,2739.0,3973.0,6500000.0,6500000.0,6500000.0,6500000.0,6500000.0,6500000.0
156,dfs-ioonly,3,64,12,6500000,6500000,6500000.0,6500000.0,6500000.0,6500000.0,6500000.0,6500000.0,6500000.0,6500000.0,6500000.0,6500000.0,6500000.0,6500000.0,6500000.0,6500000.0,0,0,2470.0,7049.0,2556.0,6124.0,2398.0,15657.0,2501.0,14801.0,2501.0,13601.0,2521.0,9920.0,2502.0,14781.0,2494.0,15979.0,17798.772,132073.374,6500000.0,6500000.0,1845.0,3415.0,2435.0,4247.0,2442.0,4155.0,2461.0,4544.0,6500000.0,6500000.0,6500000.0,6500000.0,6500000.0,6500000.0
157,dfs-ioonly,1,512,6,6500000,6500000,6500000.0,6500000.0,6500000.0,6500000.0,6500000.0,6500000.0,6500000.0,6500000.0,6500000.0,6500000.0,,,,,0,0,2324.0,101473.0,2337.0,106387.0,,,,,,,,,,,,,27336.537,584731.9519999999,,,1708.0,6910.0,2349.0,126274.0,2253.0,119566.0,2351.0,96785.0,,,,,,
158,dfs-ioonly,1,64,12,6500000,6500000,6500000.0,6500000.0,6500000.0,6500000.0,6500000.0,6500000.0,6500000.0,6500000.0,6500000.0,6500000.0,6500000.0,6500000.0,6500000.0,6500000.0,0,0,2419.0,5552.0,2485.0,15473.0,2532.0,15017.0,2467.0,11439.0,2389.0,12636.0,2511.0,12384.0,2397.0,15018.0,2523.0,15418.0,17723.819,137915.90899999999,6500000.0,6500000.0,1955.0,4445.0,2455.0,4171.0,2462.0,4297.0,2437.0,4342.0,6500000.0,6500000.0,6500000.0,6500000.0,6500000.0,6500000.0
159,dfs-ioonly,1,512,3,6500000,6500000,6500000.0,6500000.0,6500000.0,6500000.0,,,,,,,,,,,0,0,,,,,,,,,,,,,,,,,40056.586,291474.88,,,1668.0,47000.0,2207.0,96004.0,2250.0,108415.0,,,,,,,,
160,dfs-ioonly,1,512,1,6500000,6500000,,,,,,,,,,,,,,,0,0,,,,,,,,,,,,,,,,,11309.078,82954.499,,,1640.0,71645.0,,,,,,,,,,,,
161,dfs-ioonly,2,32,12,6500000,6500000,6500000.0,6500000.0,6500000.0,6500000.0,6500000.0,6500000.0,6500000.0,6500000.0,6500000.0,6500000.0,6500000.0,6500000.0,6500000.0,6500000.0,0,0,2564.0,4388.0,2575.0,4803.0,2627.0,4216.0,2554.0,4324.0,2683.0,4376.0,2634.0,4508.0,2642.0,4435.0,2525.0,5305.0,17639.146,70902.453,6500000.0,6500000.0,1900.0,3303.0,2503.0,4566.0,2510.0,4237.0,2495.0,4803.0,6500000.0,6500000.0,6500000.0,6500000.0,6500000.0,6500000.0
162,dfs-ioonly,2,256,12,6500000,6500000,6500000.0,6500000.0,6500000.0,6500000.0,6500000.0,6500000.0,6500000.0,6500000.0,6500000.0,6500000.0,6500000.0,6500000.0,6500000.0,6500000.0,0,0,2332.0,55882.0,2317.0,56877.0,2424.0,54339.0,2376.0,50895.0,2398.0,53007.0,2354.0,44206.0,2332.0,50833.0,2377.0,42940.0,17831.161,586521.064,6500000.0,6500000.0,1791.0,25185.0,2344.0,24549.0,2282.0,48830.0,2288.0,61147.0,6500000.0,6500000.0,6500000.0,6500000.0,6500000.0,6500000.0
163,dfs-ioonly,2,512,1,6500000,6500000,,,,,,,,,,,,,,,0,0,,,,,,,,,,,,,,,,,27144.516,96040.094,,,1629.0,68896.0,,,,,,,,,,,,
164,dfs-ioonly,2,16,12,6500000,6500000,6500000.0,6500000.0,6500000.0,6500000.0,6500000.0,6500000.0,6500000.0,6500000.0,6500000.0,6500000.0,6500000.0,6500000.0,6500000.0,6500000.0,0,0,2662.0,4117.0,2778.0,4232.0,2973.0,4272.0,2984.0,4416.0,2748.0,4049.0000000000005,2909.0,4689.0,2753.0,4576.0,2887.0,3980.0,746.3610000000001,50062.293,6500000.0,6500000.0,2079.0,3014.0,2705.0,3787.0,2625.0,4156.0,2643.0,4027.0,6500000.0,6500000.0,6500000.0,6500000.0,6500000.0,6500000.0
165,dfs-ioonly,1,32,12,6500000,6500000,6500000.0,6500000.0,6500000.0,6500000.0,6500000.0,6500000.0,6500000.0,6500000.0,6500000.0,6500000.0,6500000.0,6500000.0,6500000.0,6500000.0,0,0,2554.0,4169.0,2586.0,3812.0,2558.0,4842.0,2519.0,4620.0,2523.0,4753.0,2530.0,4382.0,2598.0,3599.0,2490.0,3726.0,26269.615,76123.758,6500000.0,6500000.0,1978.0,3074.0,2522.0,4326.0,2485.0,4488.0,2570.0,4065.0000000000005,6500000.0,6500000.0,6500000.0,6500000.0,6500000.0,6500000.0
166,dfs-ioonly,1,16,12,6500000,6500000,6500000.0,6500000.0,6500000.0,6500000.0,6500000.0,6500000.0,6500000.0,6500000.0,6500000.0,6500000.0,6500000.0,6500000.0,6500000.0,6500000.0,0,0,2488.0,4520.0,2592.0,4308.0,2575.0,4228.0,2636.0,4454.0,2548.0,4240.0,2641.0,4069.0,2619.0,4323.0,2651.0,4504.0,80.129,51240.042,6500000.0,6500000.0,1990.0,3654.0,2530.0,4291.0,2531.0,4295.0,2376.0,4274.0,6500000.0,6500000.0,6500000.0,6500000.0,6500000.0,6500000.0
167,dfs-ioonly,1,512,9,6500000,6500000,6500000.0,6500000.0,6500000.0,6500000.0,6500000.0,6500000.0,6500000.0,6500000.0,6500000.0,6500000.0,6500000.0,6500000.0,6500000.0,6500000.0,0,0,2327.0,96172.0,2373.0,94184.0,2248.0,94358.0,2337.0,103489.0,2395.0,103225.0,,,,,,,18379.097999999998,855248.201,6500000.0,6500000.0,1622.0,46544.0,2320.0,90121.0,2259.0,104680.0,2240.0,104096.0,,,,,,
168,dfs-ioonly,2,128,12,6500000,6500000,6500000.0,6500000.0,6500000.0,6500000.0,6500000.0,6500000.0,6500000.0,6500000.0,6500000.0,6500000.0,6500000.0,6500000.0,6500000.0,6500000.0,0,0,2375.0,21359.0,2383.0,21598.0,2377.0,27382.0,2368.0,23536.0,2325.0,20476.0,2416.0,25625.0,2439.0,22387.0,2387.0,25009.0,18535.924000000003,263227.91599999997,6500000.0,6500000.0,1867.0,10805.0,2331.0,4176.0,2345.0,11708.0,2211.0,30633.0,6500000.0,6500000.0,6500000.0,6500000.0,6500000.0,6500000.0
169,dfs-ioonly,2,64,12,6500000,6500000,6500000.0,6500000.0,6500000.0,6500000.0,6500000.0,6500000.0,6500000.0,6500000.0,6500000.0,6500000.0,6500000.0,6500000.0,6500000.0,6500000.0,0,0,2494.0,5188.0,2405.0,6901.0,2497.0,13450.0,2411.0,12514.0,2488.0,12082.0,2404.0,13955.0,2465.0,15681.0,2562.0,15601.0,10924.753,123560.16,6500000.0,6500000.0,2004.0,3214.0,2427.0,4287.0,2391.0,4813.0,2400.0,4949.0,6500000.0,6500000.0,6500000.0,6500000.0,6500000.0,6500000.0
170,dfs-ioonly,1,512,12,6500000,6500000,6500000.0,6500000.0,6500000.0,6500000.0,6500000.0,6500000.0,6500000.0,6500000.0,6500000.0,6500000.0,6500000.0,6500000.0,6500000.0,6500000.0,0,0,2367.0,101606.0,2395.0,100206.0,2372.0,94949.0,2385.0,104540.0,2366.0,93693.0,2354.0,95410.0,2334.0,104438.0,2370.0,94564.0,25777.801,1173327.9070000001,6500000.0,6500000.0,1737.0,73634.0,2339.0,71112.0,2295.0,106802.0,2348.0,106597.0,6500000.0,6500000.0,6500000.0,6500000.0,6500000.0,6500000.0
171,dfs-ioonly,1,256,12,6500000,6500000,6500000.0,6500000.0,6500000.0,6500000.0,6500000.0,6500000.0,6500000.0,6500000.0,6500000.0,6500000.0,6500000.0,6500000.0,6500000.0,6500000.0,0,0,2359.0,46344.0,2354.0,49386.0,2385.0,43503.0,2395.0,53528.0,2398.0,46590.0,2341.0,49247.0,2331.0,52943.0,2403.0,52618.0,24129.811,573060.617,6500000.0,6500000.0,1978.0,28966.0,2338.0,29215.0,2374.0,41301.0,2326.0,55291.0,6500000.0,6500000.0,6500000.0,6500000.0,6500000.0,6500000.0
172,dfs-ioonly,2,512,3,6500000,6500000,6500000.0,6500000.0,6500000.0,6500000.0,,,,,,,,,,,0,0,,,,,,,,,,,,,,,,,18958.116,303283.184,,,1746.0,65522.99999999999,2286.0,96033.0,2326.0,122769.0,,,,,,,,
173,dfs-ioonly,1,128,12,6500000,6500000,6500000.0,6500000.0,6500000.0,6500000.0,6500000.0,6500000.0,6500000.0,6500000.0,6500000.0,6500000.0,6500000.0,6500000.0,6500000.0,6500000.0,0,0,2353.0,18978.0,2393.0,27124.0,2369.0,21592.0,2433.0,20831.0,2403.0,30478.0,2426.0,21160.0,2435.0,23898.0,2422.0,27046.0,22269.084,274769.163,6500000.0,6500000.0,1895.0,10309.0,2393.0,14029.0,2372.0,18516.0,2384.0,18540.0,6500000.0,6500000.0,6500000.0,6500000.0,6500000.0,6500000.0
